Page_URL,Title,Rating,Reviews,Address,Phone_Number,Price,Category,Jadwal,Plus_code,image,Opsi_Layanan,Penawaran,Pilihan_Makanan,Fasilitas,Suasana,Tipe_pengunjung,Perencanaan,Pembayaran,anak_anak,Parkir
"https://www.google.com/maps/place/Pixel+Coffee+%26+Kitchen/@-7.5652278,110.7660471,14z/data=!4m11!1m3!2m2!1scaffe+solo!6e5!3m6!1s0x2e7a15e8c10d6a39:0xa5070fdd47aeae75!8m2!3d-7.5652278!4d110.802096!15sCgljYWZlIHNvbG9aCyIJY2FmZSBzb2xvkgELY29mZmVlX3Nob3CaASRDaGREU1VoTk1HOW5TMFZKUTBGblNVTmFkRTE2TmpGM1JSQULgAQA!16s%2Fg%2F11ghp_vbc_?entry=ttu&g_ep=EgoyMDI0MTExNy4wIKXMDSoASAFQAw%3D%3D",Pixel Coffee & Kitchen,"4,6",1037,"Jl. Satrio Wibowo No.35, Purwosari, Kec. Laweyan, Kota Surakarta, Jawa Tengah 57142",0271721505,Rp 25–50 rb,Kedai Kopi,"Senin 08.00–23.00
Selasa 08.00–23.00
Rabu 08.00–23.00
Kamis 08.00–23.00
Jumat 08.00–23.00
Sabtu 08.00–23.00
Minggu 08.00–23.00 ","CRM2+WR Purwosari, Kota Surakarta, Jawa Tengah",https://lh5.googleusercontent.com/p/AF1QipPnVUV0Z4_oZrnYq7SRl0nKNb69fTZ_wByrGhpy=w426-h240-k-no,"Tempat duduk di area terbuka
Ambil di tepi jalan
Bawa pulang
Makan di tempat","Hidangan larut malam
Kopi","Brunch
Makan siang
Makan malam
Hidangan penutup",Toilet,"Nyaman
Santai",Berkelompok,Menerima reservasi,"Kartu debit
Kartu kredit
Pembayaran NFC dengan ponsel
Kartu kredit","Cocok untuk anak-anak
Kursi tinggi
Menu anak",Tempat parkir berbayar
"https://www.google.com/maps/place/Namu+Korean+Cafe+Solo/@-7.5960572,110.7864951,14z/data=!4m11!1m3!2m2!1scaffe+solo!6e5!3m6!1s0x2e7a17e8e0692a39:0x618d0105d8ebe507!8m2!3d-7.5960572!4d110.822544!15sCgljYWZlIHNvbG9aCyIJY2FmZSBzb2xvkgEKcmVzdGF1cmFudOABAA!16s%2Fg%2F11h6dpgr6t?entry=ttu&g_ep=EgoyMDI0MTExNy4wIKXMDSoASAFQAw%3D%3D",Namu Korean Cafe Solo,"4,7",1948,"Jl. Kantil Raya Jl. Kaliwingko No.19, Dusun I, Grogol, Kec. Grogol, Kabupaten Sukoharjo, Jawa Tengah 57552",085803753035,Rp 25–50 rb,Restoran,"Senin 08.00–00.00
Selasa 08.00–00.00 
Rabu 08.00–00.00
Kamis 08.00–00.00
Jumat 08.00–00.00
Sabtu 08.00–00.00
Minggu 08.00–00.00","CR3F+H2 Grogol, Kabupaten Sukoharjo, Jawa Tengah",https://lh5.googleusercontent.com/p/AF1QipPsHpYBuebFc_-4JsETC6q4gNArAtk-5h535-po=w426-h240-k-no,"Antar tanpa bertemu
Pesan antar
Bawa pulang
Makan di tempat",Makanan halal,"Sarapan
Brunch
Makan siang
Makan malam
Hidangan penutup
Hidangan larut malam
Kopi","Memiliki bar
Tempat duduk di area terbuka","Nyaman
Santai","Berkelompok
Ramah keluarga",Menerima reservasi,"Kartu debit
Kartu kredit","Cocok untuk anak-anak
Kursi tinggi
Menu anak","Banyak tempat parkir
Tempat parkir berbayar"
"https://www.google.com/maps/place/Solo+Kopi/@-7.5454781,110.7386708,14z/data=!4m11!1m3!2m2!1scaffe+solo!6e5!3m6!1s0x2e7a1535fde5d533:0x12521ef5bc4df971!8m2!3d-7.5454781!4d110.7747197!15sCgljYWZlIHNvbG9aCyIJY2FmZSBzb2xvkgELY29mZmVlX3Nob3DgAQA!16s%2Fg%2F11h25gjn65?entry=ttu&g_ep=EgoyMDI0MTExNy4wIKXMDSoASAFQAw%3D%3D",Solo Kopi,"4,6",2301,"
Jl. Adi Sucipto No.31A, Kenaiban, Blulukan, Kec. Colomadu, Kabupaten Karanganyar, Jawa Tengah 57174",081227777189,Rp 25–50 rb,Kedai Kopi,"Senin 08.00–00.00
Selasa 08.00–00.00 
Rabu 08.00–00.00
Kamis 08.00–00.00
Jumat 08.00–00.00
Sabtu 08.00–00.00
Minggu 08.00–00.00","FQ3F+RV Blulukan, Kabupaten Karanganyar, Jawa Tengah",https://lh5.googleusercontent.com/p/AF1QipNW4h5dF8odP3onX667moB-QD_uys7rIsV3CsaO=w408-h408-k-no,"Tempat duduk di area terbuka
Pesan antar
Bawa pulang
Makan di tempat","Hidangan organik
Kopi","Sarapan
Brunch
Makan siang
Makan malam
Hidangan penutup","
Toilet","Nyaman
Santai","
Berkelompok","
Menerima reservasi","Kartu debit
Kartu kredit","Cocok untuk anak-anak
Kursi tinggi
Menu anak","Banyak tempat parkir
Tempat parkir berbayar"
"https://www.google.com/maps/place/KOTA+Coffee+%26+Space/@-7.5699537,110.7919838,14z/data=!4m11!1m3!2m2!1scaffe+solo!6e5!3m6!1s0x2e7a15416543df49:0x14284be70dc0b1e6!8m2!3d-7.5699537!4d110.8280327!15sCgpjYWZmZSBzb2xvWgwiCmNhZmZlIHNvbG-SAQtjb2ZmZWVfc2hvcOABAA!16s%2Fg%2F11sdd29lsm?entry=ttu&g_ep=EgoyMDI0MTExNy4wIKXMDSoASAFQAw%3D%3D",KOTA Coffee & Space,"4,8",249,"
Jl. Ronggowarsito No.18, Kp. Baru, Kec. Ps. Kliwon, Kota Surakarta, Jawa Tengah 57133",081334144924,Rp 25–50 rb,Kedai Kopi,"Senin 07.00–00.00
Selasa 07.00–00.00
Rabu 07.00–00.00
Kamis 07.00–00.00
Jumat 07.00–00.00
Sabtu 07.00–00.00
Minggu 07.00–00.00","CRJH+26 Kp. Baru, Kota Surakarta, Jawa Tengah",https://lh5.googleusercontent.com/p/AF1QipNl2PhHXbd7rl8uB_mH2fcwp5FzDBpVdoZ9BcHB=w426-h240-k-no,"Tempat duduk di area terbuka
Antar tanpa bertemu
Pesan antar
Layanan di tempat
Bawa pulang
Makan di tempat","Hidangan larut malam
Hidangan organik
Kopi","Makan malam
Hidangan penutup","Memiliki bar
Toilet","Nyaman
Santai","Berkelompok
Ramah keluarga",Menerima reservasi,Kartu kredit,Cocok untuk anak-anak,"Banyak tempat parkir
Tempat parkir berbayar"
"https://www.google.com/maps/place/Nalla+Coffee/@-7.5699537,110.7919838,14z/data=!4m11!1m3!2m2!1scaffe+solo!6e5!3m6!1s0x2e7a1768380dde0b:0xbae0c3fe0fe6bed8!8m2!3d-7.5591861!4d110.8199741!15sCgljYWZlIHNvbG9aCyIJY2FmZSBzb2xvkgEEY2FmZZoBJENoZERTVWhOTUc5blMwVkpRMEZuU1VSQ2RVbElielZuUlJBQuABAA!16s%2Fg%2F11rmsg7v5k?entry=ttu&g_ep=EgoyMDI0MTExNy4wIKXMDSoASAFQAw%3D%3D",Nalla Coffee,"4,6",307,"
Jl. Gajahmada No.133, RT.05/RW.01, Punggawan, Kec. Banjarsari, Kota Surakarta, Jawa Tengah 57132",081991710720,Rp 25–50 rb,Kafe,"Senin 08.00–23.00
Selasa 08.00–23.00 
Rabu 08.00–23.00
Kamis 08.00–23.00
Jumat 08.00–23.00
Sabtu 08.00–23.00
Minggu 08.00–23.00","CRR9+8X Punggawan, Kota Surakarta, Jawa Tengah",https://lh5.googleusercontent.com/p/AF1QipN2_1zyc_qhcqlw6aNDoaJOdANODI1--1ZXiC7b=w408-h510-k-no,"Tempat duduk di area terbuka
Pesan antar
Bawa pulang
Makan di tempat
Area luar boleh dimasuki anjing","Alkohol
Kopi","Sarapan
Brunch
Makan siang
Makan malam
Hidangan penutup","Musik live
Pertunjukan live
Memiliki bar
Toilet
Toilet netral gender
Wi-Fi
Wi-Fi Gratis","Nyaman
Santai","Berkelompok
Ramah keluarga",Menerima reservasi,"Kartu debit
Kartu kredit",Cocok untuk anak-anak,"Banyak tempat parkir
Tempat parkir berbayar"
"https://www.google.com/maps/place/Cold+'N+Brew+Veteran/@-7.5699537,110.7919838,14z/data=!4m11!1m3!2m2!1scaffe+solo!6e5!3m6!1s0x2e7a166e3c33209d:0xcaf9a49a7b68961a!8m2!3d-7.582122!4d110.8209122!15sCgpjYWZmZSBzb2xvWgwiCmNhZmZlIHNvbG-SAQtjb2ZmZWVfc2hvcJoBJENoZERTVWhOTUc5blMwVkpRMEZuU1VORGRXWkRYM1ZCUlJBQuABAA!16s%2Fg%2F11clm153md?entry=ttu&g_ep=EgoyMDI0MTExNy4wIKXMDSoASAFQAw%3D%3D",Cold 'N Brew Veteran,"4,6",2278,"
Jl. Veteran No.136, Gajahan, Kec. Ps. Kliwon, Kota Surakarta, Jawa Tengah 57156",02716793355,Rp 25–50 rb,Kedai Kopi,"Senin 07.00–23.00
Selasa 07.00–23.00
Rabu 07.00–23.00
Kamis 07.00–23.00
Jumat 07.00–23.00
Sabtu 07.00–23.00
Minggu 07.00–23.00","CR9C+59 Gajahan, Kota Surakarta, Jawa Tengah",https://lh5.googleusercontent.com/p/AF1QipNTNm0JMtW1pHb_tJH8DGMFRGT2pCdFlFC1moUc=w408-h272-k-no,"Tempat duduk di area terbuka
Antar tanpa bertemu
Pesan antar
Layanan di tempat
Bawa pulang
Makan di tempat","Kopi
Makanan happy hour
Makanan siap saji
Minuman happy hour","Sarapan
Brunch
Makan siang
Makan malam
Katering
Hidangan penutup","Pertunjukan live
Memiliki bar
Toilet
Wi-Fi
Wi-Fi Gratis","Nyaman
Santai","Berkelompok
Ramah keluarga",Menerima reservasi,"Kartu debit
Kartu kredit","Cocok untuk anak-anak
Kursi tinggi
Menu anak","Parkir di jalan berbayar
Tempat parkir berbayar"
"https://www.google.com/maps/place/AM-PM+Jajar/@-7.5516337,110.7559907,14z/data=!4m11!1m3!2m2!1scaffe+solo!6e5!3m6!1s0x2e7a143c4d0f0723:0xb649760fa215cde4!8m2!3d-7.5516337!4d110.7920396!15sCgljYWZlIHNvbG9aCyIJY2FmZSBzb2xvkgELY29mZmVlX3Nob3CaASRDaGREU1VoTk1HOW5TMFZKUTBGblNVTkxkblpRY3paM1JSQULgAQA!16s%2Fg%2F11fxdzc7dz?entry=ttu&g_ep=EgoyMDI0MTExNy4wIKXMDSoASAFQAw%3D%3D",AM-PM Jajar,"4,4",1269,"
Jl. Adi Sucipto No.73, Kerten, Kec. Laweyan, Kota Surakarta, Jawa Tengah 57144",0271733808,Rp 25–50 rb,Kedai Kopi,"Senin Buka 24 Jam
Selasa Buka 24 Jam
Rabu Buka 24 Jam
Kamis Buka 24 Jam
Jumat Buka 24 Jam
Sabtu Buka 24 Jam
Minggu Buka 24 Jam","CQXR+8R Kerten, Kota Surakarta, Jawa Tengah",https://lh5.googleusercontent.com/p/AF1QipOqehOzPiWTL8ESkV6jzFcJ3T3CBIrcfw7CgM0B=w493-h240-k-no,"Tempat duduk di area terbuka
Antar tanpa bertemu
Pesan antar
Bawa pulang
Makan di tempat","Alkohol
Bir
Hidangan larut malam
Koktail
Kopi","Brunch
Makan siang
Makan malam
Hidangan penutup","Musik live
Pertunjukan live
Memiliki bar
Toilet","Nyaman
Santai",Berkelompok,Menerima reservasi,"Kartu debit
Kartu kredit","Kursi tinggi
Menu anak","Banak tempat parkir
Tempat parkir berbayar"
"https://www.google.com/maps/place/Cafe+Tiga+Ceret/@-7.568274,110.7868501,14z/data=!4m11!1m3!2m2!1scaffe+solo!6e5!3m6!1s0x2e7a142867572b07:0x6e5240772b78e604!8m2!3d-7.568274!4d110.822899!15sCgpjYWZmZSBzb2xvWgwiCmNhZmZlIHNvbG-SARtjZW50cmFsX2phdmFuZXNlX3Jlc3RhdXJhbnSaASNDaFpEU1VoTk1HOW5TMFZKUTBGblNVTmxlbVZVWjA5bkVBReABAA!16s%2Fg%2F11b6msn5t1?entry=ttu&g_ep=EgoyMDI0MTExNy4wIKXMDSoASAFQAw%3D%3D",Cafe Tiga Ceret,"4,3",6688,"
Jl. Ronggowarsito No.97, Keprabon, Kec. Banjarsari, Kota Surakarta, Jawa Tengah 57131",0271630078,Rp 25–50 rb,Restoran,"Senin 12.00–23.30
Selasa 12.00–23.30
Rabu 12.00–23.30
Kamis 12.00–23.30
Jumat 12.00–23.30
Sabtu 12.00–23.30
Minggu 12.00–23.30","CRJF+M5 Keprabon, Kota Surakarta, Jawa Tengah",https://lh5.googleusercontent.com/p/AF1QipNe74YT5FLYqhIOORr6UTZj9zVh40qq9Ml0tFp9=w408-h306-k-no,"Tempat duduk di area terbuka
Pesan antar
Bawa pulang
Makan di tempat","Hidangan larut malam
Kopi
Makanan halal","Brunch
Makan siang
Makan malam
Hidangan penutup","Toilet
Musik live","Nyaman
Santai",Berkelompok,Menerima reservasi,Hanya Tunai,"Cocok untuk anak-anak
Menu anak",Tempat parkir berbayar
"https://www.google.com/maps/place/a.m+-+p.m/@-7.5640419,110.7648354,14z/data=!4m11!1m3!2m2!1scaffe+solo!6e5!3m6!1s0x2e7a142ea805caf9:0xb9cb548fe60ca103!8m2!3d-7.5640419!4d110.8008843!15sCgljYWZlIHNvbG9aCyIJY2FmZSBzb2xvkgEEY2FmZeABAA!16s%2Fg%2F11cn5lfs1h?entry=ttu&g_ep=EgoyMDI0MTExNy4wIKXMDSoASAFQAw%3D%3D",a.m - p.m,"4,4",1747,"
Jl. Slamet Riyadi No.408, Purwosari, Kec. Laweyan, Kota Surakarta, Jawa Tengah 57144",0271728929,Rp 25–50 rb,Kafe,"Senin 07.00–03.00
Selasa 07.00–03.00
Rabu 07.00–03.00
Kamis 07.00–03.00
Jumat 07.00–03.00
Sabtu 07.00–03.00
Minggu 07.00–03.00","CRP2+99 Purwosari, Kota Surakarta, Jawa Tengah",https://lh5.googleusercontent.com/p/AF1QipPxxfI0SwO43bPN90UyL2q4Xj9lRyqOi64Cm-s9=w480-h240-k-no,"Tempat duduk di area terbuka
Pesan antar
Bawa pulang
Makan di tempat","Alkohol
Anggur
Bir
Hidangan larut malam
Koktail
Kopi
Minuman keras","Sarapan
Brunch
Makan siang
Makan malam
Katering
Hidangan penutup","Musik live
Pertunjukan live
Memiliki bar
Toilet","Nyaman
Santai",Berkelompok,"
Menerima reservasi",Kartu kredit,"Kursi tinggi
Menu anak","Banyak tempat parkir
Tempat parkir berbayar"
"https://www.google.com/maps/place/Saudagar+Laweyan/@-7.5640419,110.7648354,14z/data=!4m11!1m3!2m2!1scaffe+solo!6e5!3m6!1s0x2e7a1536aecdc595:0x3afc7a2de411457b!8m2!3d-7.5705294!4d110.7959434!15sCgljYWZlIHNvbG9aCyIJY2FmZSBzb2xvkgEKcmVzdGF1cmFudOABAA!16s%2Fg%2F11f5bx5s0w?entry=ttu&g_ep=EgoyMDI0MTExNy4wIKXMDSoASAFQAw%3D%3D",Saudagar Laweyan,"4,4",137,"
Jl. Gondosuli No.125, Laweyan, Kec. Laweyan, Kota Surakarta, Jawa Tengah 57148",08113011125,Rp 25–50 rb,Restoran,"Senin 08.00–23.00
Selasa 08.00–23.00
Rabu 08.00–23.00
Kamis 08.00–23.00
Jumat 08.00–00.00
Sabtu 08.00–00.00
Minggu 08.00–00.00","CQHW+Q9 Laweyan, Kota Surakarta, Jawa Tengah",https://lh5.googleusercontent.com/p/AF1QipOWUJgIueNSXWDbbY6YZz0Zmi5TxnYFpskUutVZ=w408-h306-k-no,"Tempat duduk di area terbuka
Bawa pulang
Makan di tempat","Hidangan larut malam
Kopi
Makanan halal","Sarapan
Brunch
Makan siang
Makan malam
Hidangan penutup","Musik live
Toilet
Wi-Fi
Wi-Fi Gratis","Nyaman
Santai",Berkelompok,Menerima reservasi,"Kartu debit
Kartu kredit
Pembayaran NFC dengan ponsel","Cocok untuk anak-anak
Kursi tinggi","Agak sulit menemukan tempat parkir
Tempat parkir berbayar"
"https://www.google.com/maps/place/Tanaku+Kopi/@-7.5659259,110.7847485,14z/data=!4m11!1m3!2m2!1scaffe+solo!6e5!3m6!1s0x2e7a178591febcf3:0xb78300c2ed3799d2!8m2!3d-7.5659259!4d110.8207974!15sCgljYWZlIHNvbG9aCyIJY2FmZSBzb2xvkgELY29mZmVlX3Nob3CaASRDaGREU1VoTk1HOW5TMFZKUTBGblNVTjRPRTU1Um5kUlJSQULgAQA!16s%2Fg%2F11h52q9kp1?entry=ttu&g_ep=EgoyMDI0MTExNy4wIKXMDSoASAFQAw%3D%3D",Tanaku Kopi,"4,7",107,"
Jl. Yosodipuro No.11, Ketelan, Kec. Banjarsari, Kota Surakarta, Jawa Tengah 57131",08112509123,Rp 25–50 rb,Kedai Kopi,"Senin 07.00–23.00
Selasa 07.00–23.00
Rabu 07.00–23.00
Kamis 07.00–23.00
Jumat 07.00–23.00
Sabtu 07.00–23.00
Minggu 07.00–23.00","CRMC+J8 Ketelan, Kota Surakarta, Jawa Tengah",https://lh5.googleusercontent.com/p/AF1QipNs9e53wikWn8x8y1oRgDJkidRV36KuO3HCSskl=w520-h240-k-no,"Tempat duduk di area terbuka
Bawa pulang
Makan di tempat","Kopi
Minuman happy hour","Sarapan
Brunch
Makan siang
Makan malam
Hidangan penutup",Toilet,"Nyaman
Santai",Berkelompok,Menerima reservasi,"Kartu debit
Kartu kredit",Kursi tinggi,Tempat parkir berbayar
"https://www.google.com/maps/place/Couvee+-+Solo/@-7.5659259,110.7847485,14z/data=!4m11!1m3!2m2!1scaffe+solo!6e5!3m6!1s0x2e7a1702b478aee5:0x2b064fa8d11376d4!8m2!3d-7.5611877!4d110.8153005!15sCgpjYWZmZSBzb2xvWgwiCmNhZmZlIHNvbG-SAQtjb2ZmZWVfc2hvcOABAA!16s%2Fg%2F11rq2m23w5?entry=ttu&g_ep=EgoyMDI0MTExNy4wIKXMDSoASAFQAw%3D%3D",Couvee - Solo,"4,7",747,"
Jl. Prof. DR. Supomo No.68, Punggawan, Kec. Banjarsari, Kota Surakarta, Jawa Tengah 57139",081327180870,Rp 25–50 rb,Kedai Kopi,"Senin 08.00–00.00
Selasa 08.00–00.00
Rabu 08.00–00.00
Kamis 08.00–00.00
Jumat 08.00–00.00
Sabtu 08.00–00.00
Minggu 08.00–00.00","CRQ8+G4 Punggawan, Kota Surakarta, Jawa Tengah",https://lh5.googleusercontent.com/p/AF1QipMDNgXPeZDsjMbr1rIGqnCAxA2TL5eDFMU1thI9=w425-h240-k-no,"Tempat duduk di area terbuka
Antar tanpa bertemu
Pesan antar
Layanan di tempat
Bawa pulang
Makan di tempat",Kopi,Hidangan penutup,"Pintu masuk khusus pengguna kursi roda
Toilet","Nyaman
Santai","Berkelompok
Ramah keluarga",Tidak Menerima reservasi,"Kartu debit
Kartu kredit",Cocok untuk anak-anak,"Agak sulit menemukan tempat parkir
Tempat parkir berbayar"
"https://www.google.com/maps/place/Pinara+Coffee/@-7.5692308,110.7711981,14z/data=!4m11!1m3!2m2!1scaffe+solo!6e5!3m6!1s0x2e7a15c3a9e01db7:0xba1637c87bb616be!8m2!3d-7.5692308!4d110.807247!15sCgpjYWZmZSBzb2xvWgwiCmNhZmZlIHNvbG-SAQtjb2ZmZWVfc2hvcJoBJENoZERTVWhOTUc5blMwVkpRMEZuU1VSWGFtVnBYMjVuUlJBQuABAA!16s%2Fg%2F11h84kqm_t?entry=ttu&g_ep=EgoyMDI0MTExNy4wIKXMDSoASAFQAw%3D%3D",Pinara Coffee,"4,6",451,"
Jl. Kebangkitan Nasional No.85, Penumping, Kec. Laweyan, Kota Surakarta, Jawa Tengah 57141",081327487739,Rp 25–50 rb,Kedai Kopi,"Senin 07.00–23.00
Selasa 07.00–23.00 
Rabu 07.00–23.00
Kamis 07.00–23.00
Jumat 07.00–23.00
Sabtu 07.00–23.00
Minggu 07.00–23.00","CRJ4+8V Penumping, Kota Surakarta, Jawa Tengah",https://lh5.googleusercontent.com/p/AF1QipOTzoLSt_9YncppDYQ3SGeNcKyUDfhvublYOhTB=w426-h240-k-no,"Tempat duduk di area terbuka
Antar tanpa bertemu
Pesan antar
Bawa pulang
Makan di tempat",Kopi,"Sarapan
Brunch
Makan siang
Makan malam
Hidangan penutup","Toilet
Wi-Fi
Wi-Fi Gratis","Nyaman
Santai","Berkelompok
Ramah keluarga",Menerima reservasi,"Kartu debit
Kartu kredit
Pembayaran NFC dengan ponsel",Biasa,"Banyak tempat parkir
Tempat parkir berbayar"
"https://www.google.com/maps/place/Tomuan+Coffee+%26+Eatery/@-7.5692308,110.7711981,14z/data=!4m11!1m3!2m2!1scaffe+solo!6e5!3m6!1s0x2e7a158f7cd53f99:0x3d7df645cb315225!8m2!3d-7.5549666!4d110.8090482!15sCgpjYWZmZSBzb2xvWgwiCmNhZmZlIHNvbG-SAQpyZXN0YXVyYW504AEA!16s%2Fg%2F11j4y7k0qz?entry=ttu&g_ep=EgoyMDI0MTExNy4wIKXMDSoASAFQAw%3D%3D",Tomuan Coffee & Eatery,"4,7",719,"
Jl. Menteri Supeno No.7B, Manahan, Kec. Banjarsari, Kota Surakarta, Jawa Tengah 57139",081228501213,Rp 25–50 rb,Restoran,"Senin 09.00–00.00
Selasa 09.00–00.00
Rabu 09.00–00.00
Kamis 09.00–00.00
Jumat 09.00–00.00
Sabtu 09.00–00.00
Minggu 09.00–00.00","CRW5+2J Manahan, Kota Surakarta, Jawa Tengah",https://lh5.googleusercontent.com/p/AF1QipM4d9pttAqgqZXkpFdm4NEBUo4mWTu6LUYgO35t=w408-h725-k-no,"Tempat duduk di area terbuka
Antar tanpa bertemu
Pesan antar
Bawa pulang
Makan di tempat","Kopi
Makanan halal
Makanan happy hour
Minuman happy hour
Ruang makan pribadi","Sarapan
Brunch
Makan siang
Makan malam
Katering
Hidangan penutup","Kursi khusus pengguna kursi roda
Pintu masuk khusus pengguna kursi roda
Toilet
Wi-Fi
Wi-Fi Gratis","Nyaman
Santai","Berkelompok
Ramah keluarga",Wajib reservasi,"Kartu debit
Kartu kredit
Kupon makanan
Pembayaran NFC dengan ponsel","Cocok untuk anak-anak
Menu anak","Banyak tempat parkir
Tempat parkir berbayar"
"https://www.google.com/maps/place/TETRA+Coffee+%26+Eatery+-+Solo/@-7.5591014,110.7506099,14z/data=!4m11!1m3!2m2!1scaffe+solo!6e5!3m6!1s0x2e7a15b429f70813:0x7cdf041aa818dfb8!8m2!3d-7.5591014!4d110.7866588!15sCgpjYWZmZSBzb2xvWgwiCmNhZmZlIHNvbG-SAQtjb2ZmZWVfc2hvcOABAA!16s%2Fg%2F11l1y1h67v?entry=ttu&g_ep=EgoyMDI0MTExNy4wIKXMDSoASAFQAw%3D%3D",TETRA Coffee & Eatery - Solo,"4,6",623,"
Jl. Slamet Riyadi No.560, Jajar, Kec. Laweyan, Kota Surakarta, Jawa Tengah 57146",082136223449,Rp 25–50 rb,Kedai Kopi,"Senin Buka 24 jam
Selasa Buka 24 jam
Rabu Buka 24 jam
Kamis Buka 24 jam
Jumat Buka 24 jam
Sabtu Buka 24 jam
Minggu Buka 24 jam","CQRP+9M Jajar, Kota Surakarta, Jawa Tengah",https://lh5.googleusercontent.com/p/AF1QipNvU6xKFa8U_lH81OQ4bz1BRx5DuG6DAfaB9MR4=w408-h544-k-no,"Bawa pulang
Makan di tempat",Kopi,"Sarapan
Brunch
Makan siang
Makan malam
Hidangan penutup",Toilet,"Nyaman
Santai",Berkelompok,Menerima reservasi,"Kartu debit
Kartu kredit
Pembayaran NFC dengan ponsel","Cocok untuk anak-anak
Kursi tinggi","Banyak tempat parkir
Tempat parkir berbayar"
"https://www.google.com/maps/place/Rotan+Cafe+%26+Coffee/@-7.5734186,110.8136669,17z/data=!3m1!4b1!4m6!3m5!1s0x2e7a17ab29469b31:0x462a229a0387e01b!8m2!3d-7.5734239!4d110.8162418!16s%2Fg%2F11p02p7wqk?entry=ttu&g_ep=EgoyMDI0MTEyNC4xIKXMDSoJLDEwMjExMjM0SAFQAw%3D%3D",Rotan Cafe & Coffee,"4,7",132,"
Jl. Honggowongso, Panularan, Kec. Laweyan, Kota Surakarta, Jawa Tengah 57149",085173358080,Rp 25–50 rb,Kedai Kopi,"Senin 08.00–22.00
Selasa 08.00–22.00
Rabu 08.00–22.00
Kamis 08.00–22.00
Jumat 08.00–22.00
Sabtu 08.00–22.00
Minggu 08.00–22.00","CRG8+JF Panularan, Kota Surakarta, Jawa Tengah",https://lh5.googleusercontent.com/p/AF1QipOC0LOygFFF0KTfTnss3dtVhqCphTx7VX2BlSq1=w408-h240-k-no,"Tempat duduk di area terbuka
Pesan antar
Bawa pulang
Makan di tempat","Kopi
Makanan happy hour
Makanan siap saji
Minuman happy hour
Pilihan menu vegetarian","Sarapan
Brunch
Makan siang
Makan malam
Hidangan penutup","Musik live
Pertunjukan live
Memiliki bar
Toilet
Toilet netral gender
Wi-Fi
Wi-Fi Gratis","Nyaman
Santai",Berkelompok,Menerima reservasi,"Kartu debit
Kartu kredit
Kupon makanan","Cocok untuk anak-anak
Kursi tinggi
Menu anak",Tempat parkir berbayar
"https://www.google.com/maps/place/Par+Four+Cafe/@-7.57029,110.8117274,17z/data=!3m1!4b1!4m6!3m5!1s0x2e7a167ddb36b60d:0xed77dbc70118aef4!8m2!3d-7.5702953!4d110.8143023!16s%2Fg%2F1jkwmsyk1?entry=ttu&g_ep=EgoyMDI0MTEyNC4xIKXMDSoJLDEwMjExMjM0SAFQAw%3D%3D",Par Four Cafe,"4,7",490,"
Jl. Kebangkitan Nasional No.31, Sriwedari, Kec. Laweyan, Kota Surakarta, Jawa Tengah 57141",081325985929,Rp 25–50 rb,Restoran Masakan Barat,"Senin Tutup
Selasa 16.30–00.00
Rabu 16.30–00.00
Kamis 16.30–00.00
Jumat 16.30–00.00
Sabtu 16.30–00.00
Minggu 16.30–00.00","CRH7+VP Sriwedari, Kota Surakarta, Jawa Tengah",https://lh5.googleusercontent.com/p/AF1QipOIOvKZXKmA0dpRk6kceLbKbYBISEjCqi6XHV8s=w408-h306-k-no,"Tempat duduk di area terbuka
Ambil di tepi jalan
Antar tanpa bertemu
Pesan antar
Bawa pulang
Makan di tempat
Anjing boleh masuk","Alkohol
Bir
Hidangan larut malam
Kopi
Pilihan menu vegetarian","Makan malam
Hidangan penutup","Kursi khusus pengguna kursi roda
Toilet khusus pengguna kursi roda
Memiliki bar
Toilet
Wi-Fi
Wi-Fi Gratis","Nyaman
Santai","Berkelompok
Ramah keluarga",Menerima reservasi,"Kartu debit
Kartu kredit","Cocok untuk anak-anak
Kursi tinggi
Menu anak","Agak sulit menemukan tempat parkir
Tempat parkir berbayar"
"https://www.google.com/maps/place/Socielle+Espresso+%26+Dine/@-7.5752634,110.8081195,17z/data=!3m1!4b1!4m6!3m5!1s0x2e7a17a01929b695:0x5e0fb9682705d4bb!8m2!3d-7.5752687!4d110.8106944!16s%2Fg%2F11vctsl_kf?entry=ttu&g_ep=EgoyMDI0MTEyNC4xIKXMDSoJLDEwMjExMjM0SAFQAw%3D%3D",Socielle Espresso & Dine,"4,8",1161,"
Jl. Moh. Yamin No.181, Tipes, Kec. Serengan, Kota Surakarta, Jawa Tengah 57154",087731131107,Rp 50–100 rb,Kafe,"Senin 08.00–00.00
Selasa 08.00–00.00
Rabu 08.00–00.00
Kamis 08.00–00.00
Jumat 08.00–00.00
Sabtu 08.00–00.00
Minggu 08.00–00.00","CRF6+V7 Tipes, Kota Surakarta, Jawa Tengah",https://lh5.googleusercontent.com/p/AF1QipNASET5Hljrgj9pdYnlO4KxrnAs9RmIRfPQX9S3=w408-h544-k-no,"Tempat duduk di area terbuka
Antar tanpa bertemu
Bawa pulang
Makan di tempat","Hidangan larut malam
Kopi","Sarapan
Brunch
Makan siang
Makan malam
Hidangan penutup","Kursi khusus pengguna kursi roda
Pintu masuk khusus pengguna kursi roda
Toilet khusus pengguna kursi roda
Musik live
Pertunjukan live
Toilet","Nyaman
Santai",Berkelompok,Menerima reservasi,"Kartu debit
Kartu kredit
Pembayaran NFC dengan ponsel","Cocok untuk anak-anak
Kursi tinggi
Menu anak","Banyak tempat parkir
Tempat parkir berbayar"
"https://www.google.com/maps/place/Natahati+Coffee+%26+Eatery/@-7.5629977,110.8156871,17z/data=!3m1!4b1!4m6!3m5!1s0x2e7a1700e6ef304b:0x3c126a0bc6778d6f!8m2!3d-7.563003!4d110.818262!16s%2Fg%2F11k0_xq9kl?entry=ttu&g_ep=EgoyMDI0MTEyNC4xIKXMDSoJLDEwMjExMjM0SAFQAw%3D%3D",Natahati Coffee & Eatery,"4,5",1443,"
Jl. Punggawan No.6, Punggawan, Kec. Banjarsari, Kota Surakarta, Jawa Tengah 57132",081957470888,Rp 25–50 rb,Kafe,"Senin 08.00–22.00
Selasa 08.00–22.00
Rabu 08.00–22.00
Kamis 08.00–22.00
Jumat 08.00–22.00
Sabtu 08.00–22.00
Minggu 08.00–22.00","CRP9+Q8 Punggawan, Kota Surakarta, Jawa Tengah",https://lh5.googleusercontent.com/p/AF1QipO-Khsb60PpDDNvpv4G7R7Rg1i_G_XKVrmp4a0u=w408-h611-k-no,"Tempat duduk di area terbuka
Bawa pulang
Makan di tempat",Kopi,"Sarapan
Brunch
Makan siang
Makan malam
Hidangan penutup","Kursi khusus pengguna kursi roda
Toilet khusus pengguna kursi roda
Pertunjukan live
Toilet","Nyaman
Santai",Berkelompok,Menerima reservasi,"Kartu debit
Kartu kredit
Pembayaran NFC dengan ponsel","Cocok untuk anak-anak
Kursi tinggi
Menu anak","Banyak tempat parkir
Tempat parkir berbayar"
"https://www.google.com/maps/place/Seperdua+Kopi/@-7.5655405,110.824006,15z/data=!4m6!3m5!1s0x2e7a170cfe9be4af:0xd97756b5c4939eeb!8m2!3d-7.5655405!4d110.8430604!16s%2Fg%2F11j6skpb_5?entry=ttu&g_ep=EgoyMDI0MTEyNC4xIKXMDSoJLDEwMjExMjM0SAFQAw%3D%3D",Seperdua Kopi,"4,7",902,"
Jl. Suryo No.117A, Jagalan, Kec. Jebres, Kota Surakarta, Jawa Tengah 57124",081390771958,Rp 25–50 rb,Kedai Kopi,"Senin 07.00–23.00
Selasa 07.00–23.00
Rabu 07.00–23.00
Kamis 07.00–23.00
Jumat 07.00–23.00
Sabtu 07.00–23.00
Minggu 07.00–23.00","CRMV+Q6 Jagalan, Kota Surakarta, Jawa Tengah",https://lh5.googleusercontent.com/p/AF1QipMB3MxrTae-1kF2r2d9rtpxTEgMkC60EbfOhoWN=w426-h240-k-no,"Tempat duduk di area terbuka
Antar tanpa bertemu
Pesan antar
Bawa pulang
Makan di tempat",Kopi,"Sarapan
Brunch
Makan siang
Hidangan penutup","Toilet
Wi-Fi
Wi-Fi Gratis","Nyaman
Santai",Berkelompok,Menerima reservasi,"Kartu debit
Kartu kredit","
Cocok untuk anak-anak",Tempat parkir berbayar
"https://www.google.com/maps/place/Starbucks+Coffee+Solo+Square/@-7.5604906,110.7861816,17z/data=!3m2!4b1!5s0x2e7a1437467bda6b:0xcc85e72630c78e15!4m6!3m5!1s0x2e7a143746adb313:0x95c6cdc14bf37764!8m2!3d-7.5604906!4d110.7887565!16s%2Fg%2F11gh2t5m34?entry=ttu&g_ep=EgoyMDI0MTEyNC4xIKXMDSoJLDEwMjExMjM0SAFQAw%3D%3D",Starbucks Coffee Solo Square,"4,7",1122,"
CQQQ+RG2, Square Mall Solo Lobby Utara, Pajang, Kec. Laweyan, Kota Surakarta, Jawa Tengah 57146",Tidak tersedia,Rp 50–75 rb,Kedai Kopi,"Senin 10.00–22.00
Selasa 10.00–22.00
Rabu 10.00–22.00
Kamis 10.00–22.00
Jumat 10.00–22.00
Sabtu 10.00–22.00
Minggu 10.00–22.00",Tidak tersedia,https://lh5.googleusercontent.com/p/AF1QipMF__3NoKmUn3LUJa7f6ueHuKWlRXK9Y4YUyIyM=w426-h240-k-no,"Tempat duduk di area terbuka
Antar tanpa bertemu
Pesan antar
Bawa pulang
Makan di tempat",Kopi,"Sarapan
Brunch
Hidangan penutup",Toilet,"Nyaman
Santai",Berkelompok,Tidak Menerima reservasi,"Kartu debit
Kartu kredit
Pembayaran NFC dengan ponsel","Cocok untuk anak-anak
Kursi tinggi","Banyak tempat parkir
Tempat parkir berbayar"
"https://www.google.com/maps/place/Cafe+banyumili+solo/@-7.5681003,110.8079553,17z/data=!3m1!4b1!4m6!3m5!1s0x2e7a17dbccad2e09:0xcb46d99939752dcf!8m2!3d-7.5681003!4d110.8105302!16s%2Fg%2F11j4lqvcbd?entry=ttu&g_ep=EgoyMDI0MTEyNC4xIKXMDSoJLDEwMjExMjM0SAFQAw%3D%3D",Cafe banyumili solo,"4,6",10,"
Jl. Bhayangkara No.81, Sriwedari, Kec. Laweyan, Kota Surakarta, Jawa Tengah 57141",Tidak tersedia,Rp 25–50 rb,Kafe,"Senin 10.00–00.00
Selasa 10.00–00.00
Rabu 10.00–00.00
Kamis 10.00–00.00
Jumat 10.00–00.00
Sabtu 10.00–00.00
Minggu 10.00–22.00","CRJ6+Q6 Sriwedari, Kota Surakarta, Jawa Tengah",https://lh5.googleusercontent.com/p/AF1QipMJvWPnh4o0XQM12nKi07PU91D3S3A2JLAjI3bf=w408-h509-k-no,"Tempat duduk di area terbuka
Bawa pulang
Makan di tempat","Alkohol
Kopi","Makan siang
Makan malam
Hidangan penutup","Memiliki bar
Toilet","Nyaman
Santai",Berkelompok,Menerima reservasi,Hanya Tunai,Cocok untuk anak-anak,Tempat parkir berbayar
"https://www.google.com/maps/place/Catniphora+Cafe/@-7.555068,110.8058803,17z/data=!3m1!4b1!4m6!3m5!1s0x2e7a169d91c31b2f:0xcc0d8bad3490da7d!8m2!3d-7.555068!4d110.8084552!16s%2Fg%2F11hcs0s3l3?entry=ttu&g_ep=EgoyMDI0MTEyNC4xIKXMDSoJLDEwMjExMjM0SAFQAw%3D%3D",Catniphora Cafe,"4,4",994,"
Jl. Depok No.1, Manahan, Kec. Banjarsari, Kota Surakarta, Jawa Tengah 57139",02717464366,Rp 25–50 rb,Kafe,"Senin 10.00–22.00
Selasa 10.00–22.00
Rabu 10.00–22.00
Kamis 10.00–22.00
Jumat 10.00–22.00
Sabtu 10.00–23.00
Minggu 10.00–22.00","CRV5+X9 Manahan, Kota Surakarta, Jawa Tengah",https://lh5.googleusercontent.com/p/AF1QipP2yvqq96uUt3eASv_Bsguyjp0Swbfp0sQA4MKe=w408-h271-k-no,"Tempat duduk di area terbuka
Antar tanpa bertemu
Pesan antar
Bawa pulang
Makan di tempat",Kopi,"Sarapan
Brunch
Makan siang
Makan malam
Hidangan penutup",Toilet,"Nyaman
Santai",Berkelompok,Menerima reservasi,"Musik live
Pertunjukan live","Cocok untuk anak-anak
Kursi tinggi
Menu anak","Parkir di jalan berbayar
Tempat parkir berbayar"
"https://www.google.com/maps/place/Cold+'N+Brew+Solo+Balapan/@-7.5584055,110.8175291,17z/data=!3m1!4b1!4m6!3m5!1s0x2e7a179e342ce495:0xa8ab3f7745758bd3!8m2!3d-7.5584055!4d110.820104!16s%2Fg%2F11sp936hhy?entry=ttu&g_ep=EgoyMDI0MTEyNC4xIKXMDSoJLDEwMjExMjM0SAFQAw%3D%3D",Cold 'N Brew Solo Balapan,"4,5",1078,"
Jl. Hasanudin No.129, Punggawan, Kec. Banjarsari, Kota Surakarta, Jawa Tengah 57132",02716793355,Rp 25–50 rb,Kedai Kopi,"Senin 07.00–01.00
Selasa 07.00–01.00
Rabu 07.00–01.00
Kamis 07.00–00.00
Jumat Buka 24 jam
Sabtu Buka 24 jam
Minggu 07.00–01.00","CRRC+J2 Punggawan, Kota Surakarta, Jawa Tengah",https://lh5.googleusercontent.com/p/AF1QipMhkVN-mHvDGTaXRqdw0VK8WNmeDOGwb8X2sEEb=w408-h272-k-no,"Tempat duduk di area terbuka
Ambil di tepi jalan
Antar tanpa bertemu
Pesan antar
Bawa pulang
Makan di tempat","Hidangan larut malam
Kopi
Makanan happy hour
Makanan siap saji
Minuman happy hour","Sarapan
Brunch
Makan siang
Makan malam
Katering
Hidangan penutup","Kursi khusus pengguna kursi roda
Toilet khusus pengguna kursi roda
Musik live
Pertunjukan live
Tempat duduk di atap
Memiliki bar
Toilet
Toilet netral gender
Wi-Fi
Wi-Fi Gratis","Nyaman
Santai","Berkelompok
Ramah keluarga",Menerima reservasi,"Kartu debit
Kartu kredit
Pembayaran NFC dengan ponsel","Cocok untuk anak-anak
Kursi tinggi
Menu anak","Banyak tempat parkir
Tempat parkir berbayar"
"https://www.google.com/maps/place/Almamater+Coffee+%26+Eatery+Solo/@-7.5606209,110.8462289,17z/data=!3m1!4b1!4m6!3m5!1s0x2e7a170e2911d811:0xd502530cd1f7312!8m2!3d-7.5606209!4d110.8488038!16s%2Fg%2F11mw7rw6qs?entry=ttu&g_ep=EgoyMDI0MTEyNC4xIKXMDSoJLDEwMjExMjM0SAFQAw%3D%3D",Almamater Coffee & Eatery Solo,"4,6",1809,"
Jl. Ir. Sutami No.32, Jebres, Kec. Jebres, Kota Surakarta, Jawa Tengah 57126",081393622298,Rp 25–50 rb,Kedai Kopi,"Senin 08.00–00.00
Selasa 08.00–00.00
Rabu 08.00–00.00
Kamis 08.00–00.00
Jumat 08.00–00.00
Sabtu 08.00–00.00
Minggu 08.00–00.00","CRQX+QG Jebres, Kota Surakarta, Jawa Tengah",https://lh5.googleusercontent.com/p/AF1QipOE1NqsxS3of1eDh7_1UstFlQfY4phWu_pe_k-y=w408-h544-k-no,"Tempat duduk di area terbuka
Antar tanpa bertemu
Pesan antar
Bawa pulang
Makan di tempat","Hidangan larut malam
Hidangan organik
Kopi
Makanan happy hour","Sarapan
Brunch
Makan siang
Makan malam
Hidangan penutup","Pertunjukan live
Memiliki bar
Toilet
Wi-Fi
Wi-Fi Gratis","Nyaman
Santai","Berkelompok
Ramah keluarga",Menerima reservasi,"Kartu debit
Kartu kredit
Pembayaran NFC dengan ponsel","Cocok untuk anak-anak
Kursi tinggi
Menu anak","Banyak tempat parkir
Tempat parkir berbayar"
"https://www.google.com/maps/place/Coffee+Break/@-7.566063,110.8050019,17z/data=!3m1!4b1!4m6!3m5!1s0x2e7a142a819528d1:0xdae5128dedd680f9!8m2!3d-7.566063!4d110.8075768!16s%2Fg%2F1pzw468bf?entry=ttu&g_ep=EgoyMDI0MTEyNC4xIKXMDSoJLDEwMjExMjM0SAFQAw%3D%3D",Coffee Break,"4,9",7,"
L3 , Solo Grand Mall , JL. Slamet Riyadi No. 273 , Penumping, Laweyan, 57141 Solo, Jawa Tengah, Penumping, Laweyan, Surakarta City, Central Java 57141",08122770201,Rp 25–50 rb,Kafe,"Senin 09.00–00.00
Selasa 09.00–00.00
Rabu 09.00–00.00
Kamis 09.00–00.00
Jumat 09.00–00.00
Sabtu 09.00–00.00
Minggu 09.00–00.00","CRM5+H2 Penumping, Kota Surakarta, Jawa Tengah",https://streetviewpixels-pa.googleapis.com/v1/thumbnail?panoid=bgyqdefJTAvvvZmuebnHZw&cb_client=search.gws-prod.gps&w=408&h=240&yaw=199.32545&pitch=0&thumbfov=100,"Bawa pulang
Makan di tempat",Kopi,Hidangan penutup,Toilet,"Nyaman
Santai","
Berkelompok",Tidak Menerima reservasi,Hanya Tunai,Biasa,Tempat parkir berbayar
"https://www.google.com/maps/place/Lana+Seduh+dan+Singgah/@-7.5632702,110.7970712,17z/data=!3m1!4b1!4m6!3m5!1s0x2e7a1575d6fe68b5:0xe46d5c78afabf1c3!8m2!3d-7.5632702!4d110.7996461!16s%2Fg%2F11j7w3ws6v?entry=ttu&g_ep=EgoyMDI0MTEyNC4xIKXMDSoJLDEwMjExMjM0SAFQAw%3D%3D",Lana Seduh dan Singgah,"4,8",447,"
Jl. Slamet Riyadi No.440, Purwosari, Kec. Laweyan, Kota Surakarta, Jawa Tengah 57142",Tidak tersedia,Rp 25–50 rb,Kafe,"Senin 09.00–23.00
Selasa 09.00–23.00
Rabu 09.00–23.00
Kamis 09.00–23.00
Jumat 09.00–23.00
Sabtu 09.00–23.00
Minggu 09.00–23.00","CQPX+MV Purwosari, Kota Surakarta, Jawa Tengah",https://lh5.googleusercontent.com/p/AF1QipP2r7mekPkBEzPcOh6bj-LndTIEElKbymNu4is7=w408-h306-k-no,"Ambil di tepi jalan
Antar tanpa bertemu
Pesan antar
Bawa pulang
Makan di tempat","Hidangan larut malam
Kopi","Sarapan
Brunch
Makan siang
Makan malam
Hidangan penutup",Toilet,"Nyaman
Santai","Berkelompok
Ramah keluarga",Menerima reservasi,"Kartu debit
Kartu kredit","Cocok untuk anak-anak
Kursi tinggi
Menu anak",Tempat parkir berbayar
"https://www.google.com/maps/place/Mojopahit+Coffee+Shop+%26+Eatery/@-7.549002,110.819785,17z/data=!3m1!4b1!4m6!3m5!1s0x2e7a1752c9b58c41:0xd04c6eef1b4a837e!8m2!3d-7.549002!4d110.8223599!16s%2Fg%2F11mvlpyjnk?entry=ttu&g_ep=EgoyMDI0MTEyNC4xIKXMDSoJLDEwMjExMjM0SAFQAw%3D%3D",Mojopahit Coffee Shop & Eatery,"4,8",794,"
Jl. Majapahit IV No.8a, Nusukan, Kec. Banjarsari, Kota Surakarta, Jawa Tengah 57135",0811888686,Rp 25–50 rb,Restoran,"Senin 09.00–21.00
Selasa 09.00–21.00
Rabu 09.00–21.00
Kamis 09.00–21.00
Jumat 09.00–21.00
Sabtu 09.00–21.00
Minggu 09.00–21.00","FR2C+9W Nusukan, Kota Surakarta, Jawa Tengah",https://lh5.googleusercontent.com/p/AF1QipPsjtn2eImProkZXGv5rvf13wKcC4cwZ8xttRlB=w408-h544-k-no,"Tempat duduk di area terbuka
Bawa pulang
Makan di tempat","Hidangan larut malam
Hidangan organik
Kopi
Makanan halal
Pilihan menu vegetarian","Brunch
Makan siang
Makan malam
Hidangan penutup
Tempat duduk","Tempat duduk di atap
Toilet
Wi-Fi
Wi-Fi Gratis","Nyaman
Santai","Berkelompok
Ramah keluarga",Menerima reservasi,"Kartu debit
Kartu kredit","Cocok untuk anak-anak
Kursi tinggi
Menu anak",Tempat parkir berbayar
"https://www.google.com/maps/place/BLOOMS+Coffee+%26+Eatery/@-7.5973885,110.8122555,17z/data=!3m1!4b1!4m6!3m5!1s0x2e7a17c04691d951:0x8ac07751a0ddefdc!8m2!3d-7.5973885!4d110.8148304!16s%2Fg%2F11t9jkhc4r?entry=ttu&g_ep=EgoyMDI0MTEyNC4xIKXMDSoJLDEwMjExMjM0SAFQAw%3D%3D",BLOOMS Coffee & Eatery,"4,5",84,"
Ruko Saraswati Jln. Ir. Soekarno No : 12 Dusun I, Madegondo Kec : Grogol Kab : Sukoharjo Solo Baru, Jawa Tengah 57552",081362727278,Rp 25–50 rb,Kedai Kopi,"Senin 10.00–22.00
Selasa 10.00–22.00
Rabu 10.00–22.00
Kamis 10.00–22.00
Jumat 10.00–23.00
Sabtu 10.00–23.00
Minggu 09.00–22.00","CR37+2W Madegondo, Kabupaten Sukoharjo, Jawa Tengah",https://lh5.googleusercontent.com/p/AF1QipO889QRlzJYWdP0mW613bkAaEFRZhhiS7nsxsLv=w408-h306-k-no,"Tempat duduk di area terbuka
Pesan antar
Bawa pulang
Makan di tempat",Kopi,"Sarapan
Brunch
Makan siang
Makan malam
Hidangan penutup",Toilet,"Nyaman
Santai",Berkelompok,"
Menerima reservasi","Kartu debit
Kartu kredit",Cocok untuk anak-anak,Tempat parkir berbayar
"https://www.google.com/maps/place/Cekopi+Combi+OJK/@-7.5663819,110.8078135,17z/data=!3m1!4b1!4m6!3m5!1s0x2e7a1662fa7b486f:0x6676f658e2453174!8m2!3d-7.5663819!4d110.8103884!16s%2Fg%2F11hd1rps22?entry=ttu&g_ep=EgoyMDI0MTEyNC4xIKXMDSoJLDEwMjExMjM0SAFQAw%3D%3D",Cekopi Combi OJK,"4,7",260,"
Ngarsopuro Jalan Birgjend, Jl. Slamet Riyadi, Keprabon, Kec. Banjarsari, Kota Surakarta, Jawa Tengah 57131",085643453500,Rp 1–25.000,Kedai Kopi,"Senin 18.00–00.00
Selasa 18.00–00.00
Rabu 18.00–00.00
Kamis 18.00–00.00
Jumat 18.00–00.00
Sabtu 18.00–00.00
Minggu 18.00–00.00","CRM6+C5 Sriwedari, Kota Surakarta, Jawa Tengah",https://lh5.googleusercontent.com/p/AF1QipNOMxv8eM-YEsvMwdoECi8AyrQQTTPj8p-IGjio=w408-h408-k-no,"Tempat duduk di area terbuka
Ambil di tepi jalan
Antar tanpa bertemu
Pesan antar
Drive-through
Bawa pulang
Makan di tempat",Kopi,Hidangan penutup,"Toilet
Toilet netral gender","Nyaman
Santai",Berkelompok,Menerima reservasi,Hanya Tunai,Biasa,Tempat parkir berbayar
"https://www.google.com/maps/place/A%26M+Co.+Solo/@-7.5592622,110.8248814,17z/data=!3m1!4b1!4m6!3m5!1s0x2e7a17ee22c7f107:0x718839c70f647df9!8m2!3d-7.5592622!4d110.8274563!16s%2Fg%2F11g1_rk0w3?entry=ttu&g_ep=EgoyMDI0MTEyNC4xIKXMDSoJLDEwMjExMjM0SAFQAw%3D%3D",A&M Co. Solo,"4,6",2825,"
Jl. Abdul Rahman Saleh No.1, Setabelan, Kec. Banjarsari, Kota Surakarta, Jawa Tengah 57139",0271666698,Rp 25–50 rb,Restoran,"Senin 07.00–00.00
Selasa 07.00–00.00
Rabu 07.00–00.00
Kamis 07.00–00.00
Jumat 07.00–01.00
Sabtu 07.00–01.00
Minggu 07.00–00.00","CRRG+7X Setabelan, Kota Surakarta, Jawa Tengah",https://lh5.googleusercontent.com/p/AF1QipMeGfVkxVBb2xLxq5iMrBiqoZeyMKGBJGNvidPP=w716-h240-k-no,"Tempat duduk di area terbuka
Antar tanpa bertemu
Pesan antar
Layanan di tempat
Bawa pulang
Makan di tempat","Alkohol
Anggur
Bir
Hidangan larut malam
Hidangan organik
Koktail
Kopi
Makanan halal
Minuman happy hour
Minuman keras
Pilihan menu vegetarian
Salad prasmanan","Sarapan
Brunch
Makan siang
Makan malam
Katering
Hidangan penutup","Kursi khusus pengguna kursi roda
Pintu masuk khusus pengguna kursi roda
Tempat parkir khusus pengguna kursi roda
Toilet khusus pengguna kursi roda
Memiliki bar
Toilet
Wi-Fi
Wi-Fi Gratis","Kelas atas
Nyaman
Santai","Berkelompok
Ramah keluarga",Menerima reservasi,"Kartu debit
Kartu kredit
Pembayaran NFC dengan ponsel","Cocok untuk anak-anak
Kursi tinggi
Menu anak","Banyak tempat parkir
Tempat parkir berbayar"
"https://www.google.com/maps/place/Sociallatte+coffee+%26+eatery/@-7.5626867,110.8061879,17z/data=!3m1!4b1!4m6!3m5!1s0x2e7a1767ab613855:0x13692e98e5fe5178!8m2!3d-7.5626867!4d110.8087628!16s%2Fg%2F11l1y3mpy8?entry=ttu&g_ep=EgoyMDI0MTEyNC4xIKXMDSoJLDEwMjExMjM0SAFQAw%3D%3D",Sociallatte coffee & eatery,"4,6",189,"
Jl. Mawar No.7b, RT.4/RW.5, Mangkubumen, Kec. Banjarsari, Kota Surakarta, Jawa Tengah 57139",08992331888,Rp 25–50 rb,Kedai Kopi,"Senin 07.00–23.00
Selasa 07.00–23.00
Rabu 07.00–23.00
Kamis 07.00–23.00
Jumat 07.00–00.00
Sabtu 07.00–00.00
Minggu 07.00–23.00","CRP5+WG Mangkubumen, Kota Surakarta, Jawa Tengah",https://lh5.googleusercontent.com/p/AF1QipONBS3hEi67ibdfD0OU8CvpS9uF6CJqdJKAvTKc=w408-h544-k-no,"Tempat duduk di area terbuka
Bawa pulang
Makan di tempat","Kopi
Makanan siap saji","Sarapan
Makan siang
Hidangan penutup","Musik live
Pertunjukan live
Toilet","Nyaman
Santai",Berkelompok,Menerima reservasi,"Kartu debit
Kartu kredit
Pembayaran NFC dengan ponsel",Cocok untuk anak-anak,"Tempat parkir berbayar
Tempat parkir gratis"
"https://www.google.com/maps/place/Gemati+Coffee/@-7.6428318,110.5029431,12z/data=!4m7!3m6!1s0x2e7a15e51d5db663:0xaf6734ccd6c8c80c!8m2!3d-7.5508062!4d110.7716536!15sCg1HZW1hdGkgQ29mZmVlWg8iDWdlbWF0aSBjb2ZmZWWSAQtjb2ZmZWVfc2hvcOABAA!16s%2Fg%2F11rkh_wfrt?entry=tts&g_ep=EgoyMDI0MTEyNC4xIPu8ASoJLDEwMjExMjM0SAFQAw%3D%3D",Gemati Coffee,"4,7",382,"
Jl. Matoa Raya I, Karangasem, Kec. Laweyan, Kota Surakarta, Jawa Tengah",08895201500,Rp 25–50 rb,Kedai Kopi,"Senin 10.00–00.00
Selasa 10.00–00.00
Rabu 10.00–00.00
Kamis 10.00–00.00
Jumat 10.00–00.00
Sabtu 10.00–00.00
Minggu 10.00–00.00","CQXC+MM Karangasem, Kota Surakarta, Jawa Tengah",https://lh5.googleusercontent.com/p/AF1QipPEPCxXjlm3Pk542u-jZQ1RuRlUJp7VBfutb0nj=w408-h306-k-no,"Tempat duduk di area terbuka
Antar tanpa bertemu
Pesan antar
Bawa pulang
Makan di tempat
Anjing boleh masuk","Alkohol
Kopi
Makanan happy hour","Brunch
Makan siang
Makan malam
Katering
Hidangan penutup
Tempat duduk","Musik live
Pertunjukan live
Memiliki bar
Toilet
Wi-Fi
Wi-Fi Gratis","Nyaman
Santai","Berkelompok
Ramah keluarga",Menerima reservasi,"Kartu debit
Kartu kredit
Pembayaran NFC dengan ponsel","Cocok untuk anak-anak
Kursi tinggi
Menu anak",Tempat parkir berbayar
"https://www.google.com/maps/place/LAJU+KOPI+CEPAT+SOLO/@-7.5687431,110.8138892,17z/data=!3m1!4b1!4m6!3m5!1s0x2e7a17c0432f1bad:0xbb18e33e546e9abf!8m2!3d-7.5687431!4d110.8164641!16s%2Fg%2F11rg1rh3k7?entry=ttu&g_ep=EgoyMDI0MTEyNC4xIKXMDSoJLDEwMjExMjM0SAFQAw%3D%3D",LAJU KOPI CEPAT SOLO,"4,4",566,"
CRJ8+GH4, Jl. Slamet Riyadi, Sriwedari, Kec. Laweyan, Kota Surakarta, Jawa Tengah 57141",Tidak tersedia,Rp 25–50 rb,Kedai Kopi,"Senin 08.00–23.00
Selasa 08.00–23.00
Rabu 08.00–23.00
Kamis 08.00–23.00
Jumat 08.00–23.00
Sabtu 08.00–23.00
Minggu 08.00–23.00",Tidak tersedia,https://lh5.googleusercontent.com/p/AF1QipPH4tN-ATtw7hMCq7LR3JOwSL45B2A9AJdacpdA=w408-h725-k-no,"Tempat duduk di area terbuka
Antar tanpa bertemu
Pesan antar
Bawa pulang
Makan di tempat",Kopi,"Makan siang
Makan malam
Hidangan penutup",Toilet,"Nyaman
Santai",Berkelompok,Menerima reservasi,Kartu kredit,Biasa,"Banyak tempat parkir
Tempat parkir berbayar"
"https://www.google.com/maps/place/Pioress+Cafe+%26+Space/@-7.5501416,110.7674134,17z/data=!3m1!4b1!4m6!3m5!1s0x2e7a15957e50d507:0xf276bd25851f4879!8m2!3d-7.5501416!4d110.7699883!16s%2Fg%2F11sxy8x9ks?entry=ttu&g_ep=EgoyMDI0MTEyNC4xIKXMDSoJLDEwMjExMjM0SAFQAw%3D%3D",Pioress Cafe & Space,"4,0",248,"
Jl. Matoa Raya I, Karangasem, Kec. Laweyan, Kota Surakarta, Jawa Tengah 57145",081393702007,Rp 25–50 rb,Kafe,"Senin 10.00–23.00
Selasa 10.00–23.00
Rabu 10.00–23.00
Kamis 10.00–23.00
Jumat 10.00–23.00
Sabtu 10.00–00.00
Minggu 10.00–23.00","CQX9+WX Karangasem, Kota Surakarta, Jawa Tengah",https://lh5.googleusercontent.com/p/AF1QipPbAirR_EybdqIrVBxUOD2s_XHKhdZPNAUQ6EaE=w408-h544-k-no,"Tempat duduk di area terbuka
Bawa pulang
Makan di tempat","Hidangan larut malam
Kopi
Makanan happy hour
Minuman happy hour","Brunch
Makan siang
Makan malam
Hidangan penutup
Tempat duduk","Memiliki bar
Toilet
Toilet netral gender
Wi-Fi
Wi-Fi Gratis","Nyaman
Santai","
Berkelompok

Ramah keluarga","
Menerima reservasi","Kartu debit
Kartu kredit","Cocok untuk anak-anak
Kursi tinggi
Menu anak","
Tempat parkir berbayar"
"https://www.google.com/maps/place/Omah+Londo+Angkringan/@-7.5627503,110.792624,17z/data=!3m1!4b1!4m6!3m5!1s0x2e7a1431d982a3b7:0x7df80df8ee2df379!8m2!3d-7.5627503!4d110.7951989!16s%2Fg%2F11bwgvx2rq?entry=ttu&g_ep=EgoyMDI0MTEyNC4xIKXMDSoJLDEwMjExMjM0SAFQAw%3D%3D",Omah Londo Angkringan,"4,3",2597,"
Jl. Agus Salim No.2A, Sondakan, Kec. Laweyan, Kota Surakarta, Jawa Tengah 57147",0271713741,Rp 25–50 rb,Restoran Jawa,"Senin 08.00–23.00
Selasa 08.00–23.00
Rabu 08.00–23.00
Kamis 08.00–23.00
Jumat 08.00–23.00
Sabtu 08.00–23.00
Minggu 08.00–23.00","CQPW+V3 Sondakan, Kota Surakarta, Jawa Tengah",https://lh5.googleusercontent.com/p/AF1QipMIvr7xH4ytrGf6bDb8UZEYiiTX22UjhGCSBOJB=w408-h272-k-no,"Tempat duduk di area terbuka
Bawa pulang
Makan di tempat
Pesan antar","Hidangan larut malam
Kopi
Makanan halal","Sarapan
Brunch
Makan siang
Makan malam
Hidangan penutup",Toilet,"Nyaman
Santai",Berkelompok,Menerima reservasi,"Kartu debit
Kartu kredit","Cocok untuk anak-anak
Kursi tinggi
Menu anak","Banyak tempat parkir
Tempat parkir berbayar"
"https://www.google.com/maps/place/Kulonuwun+Kopi+Saka+Omah+Sinten/@-7.5682086,110.8200348,17z/data=!3m1!4b1!4m6!3m5!1s0x2e7a17c9117adddb:0xe21c50e033aa7b48!8m2!3d-7.5682086!4d110.8226097!16s%2Fg%2F11rbq2j2y_?entry=ttu&g_ep=EgoyMDI0MTEyNC4xIKXMDSoJLDEwMjExMjM0SAFQAw%3D%3D",Kulonuwun Kopi Saka Omah Sinten,"4,3",939,"
Jl. Diponegoro, Keprabon, Kec. Banjarsari, Kota Surakarta, Jawa Tengah",085642227799,Rp 25–50 rb,Kedai Kopi,"Senin 09.00–00.00
Selasa 09.00–00.00
Rabu 09.00–00.00
Kamis 09.00–00.00
Jumat 09.00–00.00
Sabtu 09.00–00.00
Minggu 09.00–00.00","CRJF+P2 Keprabon, Kota Surakarta, Jawa Tengah",https://lh5.googleusercontent.com/p/AF1QipPhCuqElouxL5Hz-vOKEyZV9ObVM9HfFZl38m6m=w426-h240-k-no,"Tempat duduk di area terbuka
Antar tanpa bertemu
Pesan antar
Bawa pulang
Makan di tempat",Kopi,"Brunch
Makan siang
Makan malam
Hidangan penutup",Toilet,"Nyaman
Santai",Berkelompok,Menerima reservasi,"Kartu debit
Kartu kredit
Pembayaran NFC dengan ponsel","Cocok untuk anak-anak
Kursi tinggi
Menu anak","Banyak tempat parkir
Tempat parkir berbayar"
"https://www.google.com/maps/place/History+coffee+ums+solo/@-7.5534395,110.7747743,17z/data=!3m1!4b1!4m14!1m7!3m6!1s0x2e7a157e55c44c9f:0xf75b407977c7b3fd!2sHistory+coffee+ums+solo!8m2!3d-7.5534395!4d110.7773492!16s%2Fg%2F11rfnhn4qv!3m5!1s0x2e7a157e55c44c9f:0xf75b407977c7b3fd!8m2!3d-7.5534395!4d110.7773492!16s%2Fg%2F11rfnhn4qv?entry=ttu&g_ep=EgoyMDI0MTEyNC4xIKXMDSoJLDEwMjExMjM0SAFQAw%3D%3D",History coffee ums solo,"4,6",53,"
Jl. Duwet Raya No.14, Karangasem, Kec. Laweyan, Kota Surakarta, Jawa Tengah 57145",081393431056,Rp 1–25.000,Kafe,"Senin 09.00–22.00
Selasa 09.00–22.00
Rabu 09.00–22.00
Kamis 09.00–22.00
Jumat 09.00–22.00
Sabtu 09.00–22.00
Minggu 09.00–22.00","CQWG+JW Karangasem, Kota Surakarta, Jawa Tengah",https://lh5.googleusercontent.com/p/AF1QipN-OgIMt_3uGOxljqFKV6UKQcIhHP3fSCzqEWAm=w408-h544-k-no,"Tempat duduk di area terbuka
Tempat duduk di atap
Bawa pulang
Makan di tempat","Alkohol
Kopi","Makan siang
Makan malam","Memiliki bar
Toilet
Wi-Fi
Wi-Fi Gratis","Nyaman
Santai","
Berkelompok",Tidak Menerima Reservasi,Hanya Tunai,"Cocok untuk anak-anak
Kursi tinggi",Tempat parkir berbayar
"https://www.google.com/maps/place/TETRA+Coffee+%26+Eatery+-+Solo/@-7.5591014,110.7840839,17z/data=!3m1!4b1!4m6!3m5!1s0x2e7a15b429f70813:0x7cdf041aa818dfb8!8m2!3d-7.5591014!4d110.7866588!16s%2Fg%2F11l1y1h67v?entry=ttu&g_ep=EgoyMDI0MTEyNC4xIKXMDSoJLDEwMjExMjM0SAFQAw%3D%3D",TETRA Coffee & Eatery - Solo,"4,6",623,"
Jl. Slamet Riyadi No.560, Jajar, Kec. Laweyan, Kota Surakarta, Jawa Tengah 57146",082136223449,Rp 25–50 rb,Kedai Kopi,"Senin Buka 24 jam
Selasa Buka 24 jam
Rabu Buka 24 jam
Kamis Buka 24 jam
Jumat Buka 24 jam
Sabtu Buka 24 jam
Minggu Buka 24 jam","CQRP+9M Jajar, Kota Surakarta, Jawa Tengah",https://lh5.googleusercontent.com/p/AF1QipNvU6xKFa8U_lH81OQ4bz1BRx5DuG6DAfaB9MR4=w408-h544-k-no,"Bawa pulang
Makan di tempat",Kopi,"Sarapan
Brunch
Makan siang
Makan malam
Hidangan penutup",Toilet,"Nyaman
Santai",Berkelompok,Menerima reservasi,"Kartu debit
Kartu kredit
Pembayaran NFC dengan ponsel","Cocok untuk anak-anak
Kursi tinggi","Banyak tempat parkir
Tempat parkir berbayar"
"https://www.google.com/maps/place/Coffca-+Coffee+%26+Co+Working+Space/@-7.5557356,110.7628495,17z/data=!3m1!4b1!4m6!3m5!1s0x2e7a145ead108c57:0x646604e070aea392!8m2!3d-7.5557356!4d110.7654244!16s%2Fg%2F11gbk2pjls?entry=ttu&g_ep=EgoyMDI0MTEyNC4xIKXMDSoJLDEwMjExMjM0SAFQAw%3D%3D",Coffca- Coffee & Co Working Space,"4,3",705,"
Jl. Tanuragan Raya No.4, Nilasari, Gonilan, Kec. Kartasura, Kabupaten Sukoharjo, Jawa Tengah 57169",081317736519,Rp 25–50 rb,Kafe,"Senin 09.00–22.00
Selasa 09.00–22.00
Rabu 09.00–22.00
Kamis 09.00–22.00
Jumat Tutup
Sabtu 09.00–22.00
Minggu 09.00–22.00","CQV8+P5 Gonilan, Kabupaten Sukoharjo, Jawa Tengah",https://lh5.googleusercontent.com/p/AF1QipOLH-CUPanepM5uQ4r3IlkfDARWvdSKeksUeSYv=w426-h240-k-no,"Tempat duduk di area terbuka
Pesan antar
Bawa pulang
Makan di tempat","Hidangan larut malam
Kopi","Sarapan
Brunch
Makan siang
Makan malam
Hidangan penutup",Toilet,"Nyaman
Santai",Berkelompok,Menerima reservasi,Hanya Tunai,"Cocok untuk anak-anak
Kursi tinggi",Tempat parkir berbayar
"https://www.google.com/maps/place/Kalagyan+Coffee/@-7.5721453,110.8252258,17z/data=!3m1!4b1!4m6!3m5!1s0x2e7a175ca4664b9b:0xd7d0809c0a8d1e56!8m2!3d-7.5721453!4d110.8278007!16s%2Fg%2F11rn0r12gh?entry=ttu&g_ep=EgoyMDI0MTEyNC4xIKXMDSoJLDEwMjExMjM0SAFQAw%3D%3D",Kalagyan Coffee,"4,7",322,"
Jl. Slamet Riyadi No.11, Kauman, Kec. Ps. Kliwon, Kota Surakarta, Jawa Tengah 57122",081325800469,Rp 25–50 rb,Kedai Kopi,"Senin 09.00–23.00
Selasa 09.00–23.00
Rabu 09.00–23.00
Kamis 09.00–23.00
Jumat 09.00–00.00
Sabtu 09.00–00.00
Minggu 09.00–00.00","CRHH+44 Kauman, Kota Surakarta, Jawa Tengah",https://lh5.googleusercontent.com/p/AF1QipO522B77Q5gSrEN3fio4cmQzZhLPEi_HWbfTUdQ=w408-h612-k-no,"Tempat duduk di area terbuka
Bawa pulang
Makan di tempat",Kopi,"Makan malam
Hidangan penutup",Toilet,"Nyaman
Santai",Berkelompok,Menerima reservasi,"Kartu debit
Kartu kredit",Biasa,"Banyak tempat parkir
Tempat parkir berbayar"
"https://www.google.com/maps/place/Mom+Milk/@-7.5534767,110.7770762,14z/data=!4m7!3m6!1s0x5100e300efaec1d:0x233f500aff3d1b9c!8m2!3d-7.5608847!4d110.8065977!15sCghNb20gTWlsa1oKIghtb20gbWlsa5IBBGNhZmXgAQA!16s%2Fg%2F11b6syl6mw?entry=tts&g_ep=EgoyMDI0MTEyNC4xIPu8ASoJLDEwMjExMjM0SAFQAw%3D%3D",Mom Milk,"4,3",2605,"
Jl. Kanthil No.4, Purwosari, Kec. Laweyan, Kota Surakarta, Jawa Tengah 57142",082137321485,Rp 25–50 rb,Kafe,"Senin Tutup
Selasa 10.00–21.00
Rabu 10.00–21.00
Kamis 10.00–21.00
Jumat 10.00–21.00
Sabtu 10.00–21.00
Minggu 10.00–21.00","CRQ4+JJ Purwosari, Kota Surakarta, Jawa Tengah",https://lh5.googleusercontent.com/p/AF1QipP9EBqApFWSltMn7BDbq2kHH_AzrzeNotOgIFZd=w408-h544-k-no,"Tempat duduk di area terbuka
Ambil di tepi jalan
Pesan antar
Bawa pulang
Makan di tempat",Kopi,"Sarapan
Brunch
Makan siang
Makan malam
Hidangan penutup",Toilet,"Nyaman
Santai",Berkelompok,Berkelompok,Kartu debit,"Cocok untuk anak-anak
Kursi tinggi
Menu anak","Banyak tempat parkir
Tempat parkir berbayar"
"https://www.google.com/maps/place/Arutala+Space/@-7.5719245,110.773619,14z/data=!4m7!3m6!1s0x2e7a15d423ee9ae7:0xd562a6f1692322f!8m2!3d-7.5430561!4d110.7864172!15sCg1BcnV0YWxhIFNwYWNlWg8iDWFydXRhbGEgc3BhY2WSAQRjYWZl4AEA!16s%2Fg%2F11rggr109g?entry=tts&g_ep=EgoyMDI0MTEyNC4xIPu8ASoJLDEwMjExMjM0SAFQAw%3D%3D",Arutala Space,"4,3",856,"
Jl. Baturan Raya, Baturan, Kec. Colomadu, Kabupaten Karanganyar, Jawa Tengah 57171",082227003221,Rp 25–50 rb,Kafe,"Senin 10.00–00.00
Selasa 10.00–00.00
Rabu 10.00–00.00
Kamis 10.00–00.00
Jumat 10.00–00.00
Sabtu 10.00–00.00
Minggu 10.00–00.00","FQ4P+QH Baturan, Kabupaten Karanganyar, Jawa Tengah",https://lh5.googleusercontent.com/p/AF1QipOjh7EBHkz7zSPIvHgKD45o0kMptLo5EdeGw_Ir=w408-h544-k-no,"Tempat duduk di area terbuka
Antar tanpa bertemu
Pesan antar
Bawa pulang
Makan di tempat","Hidangan larut malam
Kopi","Sarapan
Brunch
Makan siang
Makan malam
Hidangan penutup","Musik live
Pertunjukan live
Toilet","Nyaman
Santai",Berkelompok,Menerima reservasi,"Kartu debit
Kartu kredit","Cocok untuk anak-anak
Kursi tinggi
Menu anak","Banyak tempat parkir
Tempat parkir berbayar"
"https://www.google.com/maps/place/Cafe+at+eden+coffee+%26+Kitchen/@-7.6043555,110.8137426,17z/data=!3m1!4b1!4m6!3m5!1s0x2e7a1747af55890f:0xfe58ae92f834cc19!8m2!3d-7.6043555!4d110.8163175!16s%2Fg%2F11jh3vv7dn?entry=ttu&g_ep=EgoyMDI0MTEyNC4xIKXMDSoJLDEwMjExMjM0SAFQAw%3D%3D",Cafe at eden coffee & Kitchen,"4,6",376,"
Dusun III, Madegondo, Kec. Grogol, Kabupaten Sukoharjo, Jawa Tengah 57552",0895368520800,Rp 25–50 rb,Kedai Kopi,"Senin 08.00–22.00
Selasa 08.00–22.00
Rabu 08.00–22.00
Kamis 08.00–22.00
Jumat 08.00–23.00
Sabtu 08.00–23.00
Minggu 08.00–22.00","9RW8+7G Madegondo, Kabupaten Sukoharjo, Jawa Tengah",https://lh5.googleusercontent.com/p/AF1QipMxHx6FSEjiqxxXS3DTRlFBqFKzZC6WLZHoAsDl=w426-h240-k-no,"Tempat duduk di area terbuka
Antar tanpa bertemu
Pesan antar
Bawa pulang
Makan di tempat","Hidangan organik
Kopi
Makanan happy hour
Makanan siap saji
Pilihan menu vegetarian","Sarapan
Brunch
Makan siang
Makan malam
Katering
Hidangan penutup","Kursi khusus pengguna kursi roda
Pintu masuk khusus pengguna kursi roda
Tempat parkir khusus pengguna kursi roda
Toilet khusus pengguna kursi roda
Toilet
Toilet netral gender
Wi-Fi
Wi-Fi Gratis","Nyaman
Santai","Berkelompok
Ramah keluarga",Menerima reservasi,"Kartu debit
Kartu kredit","Cocok untuk anak-anak
Menu anak","Banyak tempat parkir
Tempat parkir gratis"
"https://www.google.com/maps/place/Cendhono+Coffee/@-7.5690731,110.828722,17z/data=!3m2!4b1!5s0x2e7a16f542ee8ad9:0xe3b5eb7b14904552!4m6!3m5!1s0x2e7a166075aa632b:0x91a722c3029c1280!8m2!3d-7.5690731!4d110.8312969!16s%2Fg%2F11f3vpq8w1?entry=ttu&g_ep=EgoyMDI0MTEyNC4xIKXMDSoJLDEwMjExMjM0SAFQAw%3D%3D",Cendhono Coffee,"4,2",420,"
Gedung Barat, Jl. Jend. Urip Sumoharjo Lantai 2, Kepatihan Wetan, Jebres, Surakarta City, Central Java 57129",Tidak tersedia,Rp 25–50 rb,Kafe,"Senin 09.00–00.00
Selasa 09.00–00.00
Rabu 09.00–00.00
Kamis 09.00–00.00
Jumat 09.00–00.00
Sabtu 09.00–00.00
Minggu 09.00–00.00","CRJJ+9G Kepatihan Wetan, Kota Surakarta, Jawa Tengah",https://lh5.googleusercontent.com/p/AF1QipMjUgXtgiBMeyjlZ5atV8et6gSzzZcEN4I3WA47=w408-h306-k-no,"Antar tanpa bertemu
Pesan antar
Bawa pulang
Makan di tempat","Hidangan larut malam
Kopi","Brunch
Makan siang
Makan malam
Hidangan penutup",Toilet,"Nyaman
Santai",Berkelompok,Menerima reservasi,Hanya Tunai,"Cocok untuk anak-anak
Menu anak",Tempat parkir berbayar
"https://www.google.com/maps/place/Eighteen+Grounds+Coffee/@-7.569073,110.8209972,15z/data=!4m7!3m6!1s0x2e7a17a120e22601:0x8276173d4880597a!8m2!3d-7.5737197!4d110.8161403!15sChdFaWdodGVlbiBHcm91bmRzIENvZmZlZVoZIhdlaWdodGVlbiBncm91bmRzIGNvZmZlZZIBBGNhZmXgAQA!16s%2Fg%2F11l1d24f4g?entry=tts&g_ep=EgoyMDI0MTEyNC4xIPu8ASoJLDEwMjExMjM0SAFQAw%3D%3D",Eighteen Grounds Coffee,"4,6",369,"
Jl. Honggowongso No.78G, Panularan, Kec. Laweyan, Kota Surakarta, Jawa Tengah 57149",087879866201,Rp 25–50 rb,Kafe,"Senin 07.00–00.00
Selasa 07.00–00.00
Rabu 07.00–00.00
Kamis 07.00–00.00
Jumat 07.00–00.00
Sabtu 07.00–00.00
Minggu 07.00–00.00","CRG8+GF Panularan, Kota Surakarta, Jawa Tengah",https://lh5.googleusercontent.com/p/AF1QipNVWDGMV471WuMYTAJN6yWoS8VuGPaezGAJjmck=w408-h306-k-no,"Tempat duduk di area terbuka
Bawa pulang
Makan di tempat","Hidangan larut malam
Kopi","Sarapan
Brunch
Makan siang
Makan malam
Hidangan penutup",Toilet,"Nyaman
Santai",Berkelompok,Tidak Menerima Reservasi,"Kartu debit
Kartu kredit
Pembayaran NFC dengan ponsel",Cocok untuk anak-anak,"Banyak tempat parkir
Tempat parkir berbayar"
"https://www.google.com/maps/place/Pinara+Coffee/@-7.5692308,110.8046721,17z/data=!3m1!4b1!4m6!3m5!1s0x2e7a15c3a9e01db7:0xba1637c87bb616be!8m2!3d-7.5692308!4d110.807247!16s%2Fg%2F11h84kqm_t?entry=ttu&g_ep=EgoyMDI0MTEyNC4xIKXMDSoJLDEwMjExMjM0SAFQAw%3D%3D",Pinara Coffee,"4,6",451,"
Jl. Kebangkitan Nasional No.85, Penumping, Kec. Laweyan, Kota Surakarta, Jawa Tengah 57141",081327487739,Rp 25–50 rb,Kedai Kopi,"Senin 07.00–23.00
Selasa 07.00–23.00
Rabu 07.00–23.00
Kamis 07.00–23.00
Jumat 07.00–23.00
Sabtu 07.00–23.00
Minggu 07.00–23.00","CRJ4+8V Penumping, Kota Surakarta, Jawa Tengah",https://lh5.googleusercontent.com/p/AF1QipOTzoLSt_9YncppDYQ3SGeNcKyUDfhvublYOhTB=w426-h240-k-no,"Tempat duduk di area terbuka
Antar tanpa bertemu
Pesan antar
Bawa pulang
Makan di tempat",Kopi,"Sarapan
Brunch
Makan siang
Makan malam
Hidangan penutup","Toilet
Wi-Fi
Wi-Fi Gratis","Nyaman
Santai","Berkelompok
Ramah keluarga",Menerima reservasi,"Kartu debit
Kartu kredit
Pembayaran NFC dengan ponsel",Biasa,"Banyak tempat parkir
Tempat parkir berbayar"
"https://www.google.com/maps/place/Roasty+Rolls+Coffee/@-7.5691631,110.8196973,17z/data=!3m1!4b1!4m6!3m5!1s0x2e7a177ec9c343d5:0xd2d982b5d324fd99!8m2!3d-7.5691631!4d110.8222722!16s%2Fg%2F11tg7m75px?entry=ttu&g_ep=EgoyMDI0MTEyNC4xIKXMDSoJLDEwMjExMjM0SAFQAw%3D%3D",Roasty Rolls Coffee,"5,0",54,"
Ps. Triwindu, Keprabon, Kec. Banjarsari, Kota Surakarta, Jawa Tengah 57131",Tidak tersedia,Rp 1–25.000,Kedai Kopi,"Senin 19.00–01.00
Selasa 19.00–02.00
Rabu 19.00–01.00
Kamis 19.00–01.00
Jumat 19.00–01.00
Sabtu 19.00–01.00
Minggu 19.00–01.00","CRJC+8W Keprabon, Kota Surakarta, Jawa Tengah",https://lh5.googleusercontent.com/p/AF1QipNIhy5lDPOlqvNzl_eahqTRCabX6vws1ti4TpLv=w408-h306-k-no,"Ambil di tepi jalan
Pesan antar
Bawa pulang
Makan di tempat",Kopi,Makan malam,Toilet,"Nyaman
Santai",Berkelompok,Menerima reservasi,"Kartu debit
Kartu kredit",Biasa,Tempat parkir berbayar
"https://www.google.com/maps/place/Unknown+Coffee+Solo+Kota/@-7.5741261,110.8318798,17z/data=!3m1!4b1!4m6!3m5!1s0x2e7a17f7cacd31a1:0x21936cfe4588c823!8m2!3d-7.5741261!4d110.8344547!16s%2Fg%2F11vzhtxf69?entry=ttu&g_ep=EgoyMDI0MTEyNC4xIKXMDSoJLDEwMjExMjM0SAFQAw%3D%3D",Unknown Coffee Solo Kota,"4,7",246,"
Jl. Sungai Sambas No.1, Sangkrah, Kec. Ps. Kliwon, Kota Surakarta, Jawa Tengah 57199",082241124789,Rp 25–50 rb,Kedai Kopi,"Senin 08.00–00.00
Selasa 08.00–00.00
Rabu 08.00–00.00
Kamis 08.00–00.00
Jumat 08.00–00.00
Sabtu 08.00–00.00
Minggu 08.00–00.00","CRGM+8Q Sangkrah, Kota Surakarta, Jawa Tengah",https://lh5.googleusercontent.com/p/AF1QipM57SuL2iSwQMkDN2XGqA89W9-GtOH3oo7hrFpK=w408-h306-k-no,"Pesan antar
Drive-through
Bawa pulang
Makan di tempat",Kopi,"Sarapan
Brunch
Makan siang
Makan malam
Hidangan penutup","Pintu masuk khusus pengguna kursi roda
Musik live
Pertunjukan live
Memiliki bar
Toilet
Wi-Fi
Wi-Fi Gratis","Nyaman
Santai","Berkelompok
Ramah keluarga",Tidak Menerima Reservasi,"Kartu debit
Kartu kredit","Cocok untuk anak-anak
Kursi tinggi","Banyak tempat parkir
Tempat parkir berbayar"
"https://www.google.com/maps/place/PANCALOKA+COFFEE/@-7.5578209,110.7930504,17z/data=!3m1!4b1!4m6!3m5!1s0x2e7a15c0f3558b83:0xd2567f4a28e0f98c!8m2!3d-7.5578209!4d110.7956253!16s%2Fg%2F11j087t_hj?entry=ttu&g_ep=EgoyMDI0MTEyNC4xIKXMDSoJLDEwMjExMjM0SAFQAw%3D%3D",PANCALOKA COFFEE,"5,0",1,"
Jl. A. Yani No.379, Kerten, Kec. Laweyan, Kota Surakarta, Jawa Tengah 57143",Tidak tersedia,Rp 1–25.000,Kafe,"Senin 11.00–23.00
Selasa 11.00–23.00
Rabu 11.00–23.00
Kamis 11.00–23.00
Jumat 11.00–23.00
Sabtu 11.00–23.00
Minggu 11.00–23.00","CQRW+V7 Kerten, Kota Surakarta, Jawa Tengah",https://lh5.googleusercontent.com/p/AF1QipNs_O8J06ydSO858v4IaG7p-bXTARl3VZrCtqb6=w506-h240-k-no,"Bawa pulang
Makan di tempat",Kopi,Makan malam,"Musik live
Toilet","Nyaman
Santai",Berkelompok,Tidak Menerima Reservasi,Hanya tunai,Biasa,Tempat parkir berbayar
"https://www.google.com/maps/place/Kedai+Kopi+Pak+Agus/@-7.5688637,110.8288574,17z/data=!3m1!4b1!4m6!3m5!1s0x2e7a17bbc1ed6723:0xfaf8a41dda5ea55e!8m2!3d-7.5688637!4d110.8314323!16s%2Fg%2F11fm7y76l7?entry=ttu&g_ep=EgoyMDI0MTEyNC4xIKXMDSoJLDEwMjExMjM0SAFQAw%3D%3D",Kedai Kopi Pak Agus,"4,7",398,"
Jl. Suryopranoto No.19, Kepatihan Wetan, Kec. Jebres, Kota Surakarta, Jawa Tengah 57129",087812501966,Rp 25–50 rb,Kafe,"Senin 08.00–23.00
Selasa 08.00–23.00
Rabu 08.00–23.00
Kamis 08.00–23.00
Jumat 08.00–23.00
Sabtu 08.00–00.00
Minggu 08.00–00.00","CRJJ+FH Kepatihan Wetan, Kota Surakarta, Jawa Tengah",https://lh5.googleusercontent.com/p/AF1QipMWB7pVBGNiaSkWpMvuYoEdXYOYqrpc33tvZEY=w408-h544-k-no,"Tempat duduk di area terbuka
Pesan antar
Bawa pulang
Makan di tempat",Kopi,"Sarapan
Brunch",Toilet,"Nyaman
Santai",Berkelompok,Tidak Menerima Reservasi,"Kartu debit
Kartu kredit
Pembayaran NFC dengan ponsel",Biasa,"Banyak tempat parkir
Tempat parkir berbayar"
"https://www.google.com/maps/place/Belikopi.+Solo+Baru/@-7.5926653,110.8138313,17z/data=!3m1!4b1!4m6!3m5!1s0x2e7a174680aafa19:0x72ecd79391b3b364!8m2!3d-7.5926653!4d110.8164062!16s%2Fg%2F11rfvtn6l0?entry=ttu&g_ep=EgoyMDI0MTEyNC4xIKXMDSoJLDEwMjExMjM0SAFQAw%3D%3D",Belikopi. Solo Baru,"4,5",273,"
Jl. Ir. Soekarno No.27, Bangorwo, Langenharjo, Kec. Grogol, Kabupaten Sukoharjo, Jawa Tengah 57552",Tidak tersedia,Rp 1–25.000,Kafe,"Senin 08.00–22.00
Selasa 08.00–22.00
Rabu 08.00–22.00
Kamis 08.00–22.00
Jumat 08.00–22.00
Sabtu 08.00–22.00
Minggu 08.00–22.00","CR48+WH Langenharjo, Kabupaten Sukoharjo, Jawa Tengah",https://lh5.googleusercontent.com/p/AF1QipOBzjBV1SWobXdVsSljH-IrWyi5pzaAeTcrji-_=w408-h544-k-no,"Bawa pulang
Makan di tempat",Kopi,Makan Malam,Toilet,"Nyaman
Santai",Individual,Tidak Menerima Reservasi,"Kartu debit
Kartu kredit",Biasa,Tempat parkir berbayar
"https://www.google.com/maps/place/Bless+Coffee/@-7.5648587,110.82722,17z/data=!3m1!4b1!4m6!3m5!1s0x2e7a168b1f6f69d9:0xddee63c8c46c5502!8m2!3d-7.5648587!4d110.8297949!16s%2Fg%2F11f39jg5sk?entry=ttu&g_ep=EgoyMDI0MTEyNC4xIKXMDSoJLDEwMjExMjM0SAFQAw%3D%3D",Bless Coffee,"4,6",47,"
Jl. Sutan Syahrir Widuran Solo No.88, Kepatihan Kulon, Kec. Jebres, Kota Surakarta, Jawa Tengah 57129",0271634996,Rp 25–50 rb,Kafe,"Senin Tutup
Selasa 07.00–16.00
Rabu 09.00–18.30
Kamis 09.00–18.30
Jumat 09.00–16.00
Sabtu 09.00–18.30
Minggu 07.00–19.00","CRPH+3W Kepatihan Kulon, Kota Surakarta, Jawa Tengah",https://lh5.googleusercontent.com/p/AF1QipMgzJPWKTCs8TIqfmwj9H-G9jXtgDGvQizsjUs0=w408-h725-k-no,"Tempat duduk di area terbuka
Antar tanpa bertemu
Pesan antar
Bawa pulang
Makan di tempat",Kopi,"Makan malam
Hidangan penutup","Kursi khusus pengguna kursi roda
Pintu masuk khusus pengguna kursi roda
Tempat parkir khusus pengguna kursi roda
Toilet khusus pengguna kursi roda
Toilet","Nyaman
Santai",Berkelompok,Menerima reservasi,Hanya tunai,Cocok untuk anak-anak,Tempat parkir berbayar
"https://www.google.com/maps/place/Thamrin+Coffee/@-7.5562165,110.7964307,17z/data=!3m1!4b1!4m6!3m5!1s0x2e7a15f76ba746a7:0x19fb753869e769f9!8m2!3d-7.5562165!4d110.7990056!16s%2Fg%2F11h1085t1v?entry=ttu&g_ep=EgoyMDI0MTEyNC4xIKXMDSoJLDEwMjExMjM0SAFQAw%3D%3D",Thamrin Coffee,"4,5",702,"
Jl. Moh. Husni Thamrin No.10, Kerten, Kec. Laweyan, Kota Surakarta, Jawa Tengah 57143",081231501307,Rp 25–50 rb,Kedai Kopi,"Senin 08.00–00.00
Selasa 08.00–00.00
Rabu 08.00–00.00
Kamis 08.00–00.00
Jumat 08.00–00.00
Sabtu 08.00–00.00
Minggu 08.00–00.00","CQVX+GJ Kerten, Kota Surakarta, Jawa Tengah",https://lh5.googleusercontent.com/p/AF1QipMHINVUav-O0IaoSNtYbWJLmIkeWDTJCUx_cI9g=w408-h610-k-no,"Tempat duduk di area terbuka
Bawa pulang
Makan di tempat","Hidangan larut malam
Kopi","Brunch
Makan siang
Makan malam
Hidangan penutup",Toilet,"Nyaman
Santai",Berkelompok,Menerima reservasi,"Kartu debit
Kartu kredit",Biasa,"Banyak tempat parkir
Tempat parkir berbayar"
"https://www.google.com/maps/place/Koka+DeLight/@-7.5684849,110.8047543,17z/data=!3m1!4b1!4m6!3m5!1s0x2e7a142aaadc258d:0xfff4b223a2608e06!8m2!3d-7.5684849!4d110.8073292!16s%2Fg%2F11b73nff1d?entry=ttu&g_ep=EgoyMDI0MTEyNC4xIKXMDSoJLDEwMjExMjM0SAFQAw%3D%3D",Koka DeLight,"4,4",801,"
Jl. Kebangkitan Nasional Gg. 3, Penumping, Kec. Laweyan, Kota Surakarta, Jawa Tengah 57141",081216544636,Rp 25–50 rb,Kafe,"Senin 09.00–20.00
Selasa 09.00–20.00
Rabu 09.00–20.00
Kamis 09.00–20.00
Jumat 09.00–20.00
Sabtu 09.00–20.00
Minggu 09.00–20.00","CRJ4+JW Penumping, Kota Surakarta, Jawa Tengah",https://lh5.googleusercontent.com/p/AF1QipO-fr3C-d_vApi1isM_K5_Yi_Gv3ysexVg3ZJ24=w426-h240-k-no,"Tempat duduk di area terbuka
Antar tanpa bertemu
Pesan antar
Bawa pulang
Makan di tempat",Kopi,"Sarapan
Brunch
Makan siang
Makan malam
Katering
Hidangan penutup",Toilet,"Nyaman
Santai",Berkelompok,Menerima reservasi,Hanya tunai,"Cocok untuk anak-anak
Kursi tinggi
Menu anak",Tempat parkir berbayar
"https://www.google.com/maps/place/Wedangan+Pendhopo/@-7.5621768,110.8100742,17z/data=!3m1!4b1!4m6!3m5!1s0x2e7a168396b19431:0x8a2b615813e06845!8m2!3d-7.5621768!4d110.8126491!16s%2Fg%2F11b6_m_p8d?entry=ttu&g_ep=EgoyMDI0MTEyNC4xIKXMDSoJLDEwMjExMjM0SAFQAw%3D%3D",Wedangan Pendhopo,"4,5",2047,"
Jl. Srigading I No.20, Mangkubumen, Kec. Banjarsari, Kota Surakarta, Jawa Tengah 57139",08112564868,Rp 25–50 rb,Kafe,"Senin 15.00–22.00
Selasa 15.00–22.00
Rabu 15.00–22.00
Kamis 15.00–22.00
Jumat 15.00–22.00
Sabtu 15.00–22.00
Minggu Tutup","CRQ7+43 Mangkubumen, Kota Surakarta, Jawa Tengah",https://lh5.googleusercontent.com/p/AF1QipNIpJ-LScDimRXlbct3VK6ACAWEp-3z79lc5aoe=w408-h544-k-no,"Tempat duduk di area terbuka
Bawa pulang
Makan di tempat","Hidangan larut malam
Kopi","Makan malam
Hidangan penutup",Toilet,"Nyaman
Santai",Berkelompok,Menerima reservasi,Hanya tunai,Cocok untuk anak-anak,"Banyak tempat parkir
Tempat parkir berbayar"
"https://www.google.com/maps/place/Hippusuta+Coffee/@-7.5979341,110.8109513,17z/data=!3m1!4b1!4m6!3m5!1s0x2e7a16bd539151bd:0x73866b837666ee4a!8m2!3d-7.5979341!4d110.8135262!16s%2Fg%2F11f2xyj22c?entry=ttu&g_ep=EgoyMDI0MTEyNC4xIKXMDSoJLDEwMjExMjM0SAFQAw%3D%3D",Hippusuta Coffee,"4,4",559,"
Jalan Letjen Jl. S. Parman, RT.4/RW.2, Dusun I, Madegondo, Grogol, Sukoharjo Regency, Central Java 57552",085793123230,Rp 25–50 rb,Kedai Kopi,"Senin 08.15–18.00
Selasa Tutup
Rabu 08.15–18.00
Kamis 08.00–18.00
Jumat 08.15–18.00
Sabtu 08.00–18.00
Minggu 08.00–18.00","CR27+RC Madegondo, Kabupaten Sukoharjo, Jawa Tengah",https://lh5.googleusercontent.com/p/AF1QipMmdpct4UcGDdYEIyF48veFJA0pCAV02wPxaUdE=w425-h240-k-no,"Tempat duduk di area terbuka
Antar tanpa bertemu
Pesan antar
Layanan di tempat
Bawa pulang
Makan di tempat
Anjing boleh masuk","Kopi
Pilihan menu vegetarian","Brunch
Hidangan penutup","Kursi khusus pengguna kursi roda
Memiliki bar
Toilet","Nyaman
Santai","Berkelompok
Ramah keluarga",Menerima reservasi,"Kartu debit
Kartu kredit","Cocok untuk anak-anak
Kursi tinggi","Sulit menemukan tempat parkir
Tempat parkir gratis"
"https://www.google.com/maps/place/Ndalem+Kartowikoro+1835+Coffee+%26+Eatery/@-7.5742561,110.8225351,17z/data=!4m9!3m8!1s0x2e7a17a8ed7ca021:0x34a308933da3ecd!5m2!4m1!1i2!8m2!3d-7.5742561!4d110.82511!16s%2Fg%2F11l4cd_dmc?entry=ttu&g_ep=EgoyMDI0MTEyNC4xIKXMDSoJLDEwMjExMjM0SAFQAw%3D%3D",Ndalem Kartowikoro 1835 Coffee & Eatery,"4,9",50,"
Jl. Wijaya Kusuma No.9, Kauman, Kec. Ps. Kliwon, Kota Surakarta, Jawa Tengah 57122",081390301759,Rp 25–50 rb,Kafe,"Senin 10.00–18.00
Selasa 10.00–18.00
Rabu 10.00–18.00
Kamis 10.00–18.00
Jumat 10.00–18.00
Sabtu 10.00–22.00
Minggu 10.00–18.00","CRGG+72 Kauman, Kota Surakarta, Jawa Tengah",https://lh5.googleusercontent.com/p/AF1QipNXELxLiFP-FK6gkP_EaTgeQ3LnGr10WrhPZj9D=w408-h272-k-no,"Bawa pulang
Makan di tempat",Kopi,"Sarapan
Makan siang
Hidangan penutup",Toilet,"Nyaman
Santai",Berkelompok,Menerima reservasi,Kartu kredit,Cocok untuk anak-anak,Tempat parkir berbayar
"https://www.google.com/maps/place/Kopi+Parang/@-7.5680827,110.7945302,17z/data=!3m1!4b1!4m6!3m5!1s0x2e7a15519fda2229:0xc48aa894d6b847aa!8m2!3d-7.5680827!4d110.7971051!16s%2Fg%2F11gk8qq3n0?entry=ttu&g_ep=EgoyMDI0MTEyNC4xIKXMDSoJLDEwMjExMjM0SAFQAw%3D%3D",Kopi Parang,"4,6",554,"
Jl. Parang Klitik I No.10, Sondakan, Kec. Laweyan, Kota Surakarta, Jawa Tengah 57147",089648715027,Rp 25–50 rb,Kedai Kopi,"Senin 15.00–22.00
Selasa 15.00–22.00
Rabu 15.00–22.00
Kamis 15.00–22.00
Jumat 15.00–22.00
Sabtu 15.00–22.00
Minggu 15.00–22.00","CQJW+QR Sondakan, Kota Surakarta, Jawa Tengah",https://lh5.googleusercontent.com/p/AF1QipOHseKQl2xQeWaK35jhoR9aYrlDAdlZjQj8-YkN=w408-h408-k-no,"Tempat duduk di area terbuka
Bawa pulang
Makan di tempat","Alkohol
Bir
Hidangan larut malam
Kopi
Makanan happy hour
Makanan siap saji
Minuman happy hour",Hidangan penutup,"Pertunjukan live
Memiliki bar
Toilet
Toilet netral gender
Wi-Fi
Wi-Fi Gratis","Nyaman
Santai","Berkelompok
Ramah keluarga",Menerima reservasi,"Kartu debit
Kartu kredit
Kupon makanan","Cocok untuk anak-anak
Menu anak",Tempat parkir berbayar
"https://www.google.com/maps/place/TOMORO+COFFEE+-+Solo+Paragon/@-7.5627133,110.8074125,17z/data=!3m1!4b1!4m6!3m5!1s0x2e7a17001528af49:0xf831e94302862f97!8m2!3d-7.5627133!4d110.8099874!16s%2Fg%2F11vsyl64qv?entry=ttu&g_ep=EgoyMDI0MTEyNC4xIKXMDSoJLDEwMjExMjM0SAFQAw%3D%3D",TOMORO COFFEE - Solo Paragon,"4,8",112,"
Jl. Yosodipuro No.133, Mangkubumen, Kec. Banjarsari, Kota Surakarta, Jawa Tengah 57139",Tidak tersedia,Rp 25–50 rb,Kedai Kopi,"Senin 10.00–21.00
Selasa 10.00–21.00
Rabu 10.00–21.00
Kamis 10.00-21.00
Jumat 10.00–21.00
Sabtu 10.00–21.00
Minggu 10.00–21.00","CRP5+WX Mangkubumen, Kota Surakarta, Jawa Tengah",https://lh5.googleusercontent.com/p/AF1QipNnh5l3boM66dhtwxJ-GIhYn8F5deZBz5z4b8j7=w427-h240-k-no,Makan di tempat,Kopi,Hidangan penutup,"Toilet
Wi-Fi
Wi-Fi Gratis","Nyaman
Santai",Berkelompok,Tidak Menerima Reservasi,"Kartu debit
Kartu kredit",Cocok untuk anak-anak,Tempat parkir berbayar
"https://www.google.com/maps/place/Kedai+Kopi'/@-7.5500301,110.8132048,17z/data=!4m7!3m6!1s0x2e7a1700d35b8681:0x7a34af4d1684261f!8m2!3d-7.5502822!4d110.815363!15sCl9LZWRhaSBLb3BpJyAgIiBKbC4gQS4gWWFuaSBOby4yOTEsIE1hbmFoYW4sIEtlYy4gQmFuamFyc2FyaSwgS290YSBTdXJha2FydGEsIEphd2EgVGVuZ2FoIDU3MTM5IlpVIlNrZWRhaSBrb3BpIGpsIGEgeWFuaSBubyAyOTEgbWFuYWhhbiBrZWMgYmFuamFyc2FyaSBrb3RhIHN1cmFrYXJ0YSBqYXdhIHRlbmdhaCA1NzEzOZIBBGNhZmXgAQA!16s%2Fg%2F11j36y_jmm?entry=tts&g_ep=EgoyMDI0MTEyNC4xIPu8ASoJLDEwMjExMjM0SAFQAw%3D%3D",Kedai Kopi',"4,7",69,"
Jl. A. Yani No.291, Manahan, Kec. Banjarsari, Kota Surakarta, Jawa Tengah 57139",Tidak tersedia,Rp 1–25.000,Kafe,"Senin 13.00–23.00
Selasa 13.00–23.00
Rabu 13.00–23.00
Kamis 13.00–23.30
Jumat 13.00–23.30
Sabtu 13.00–23.30
Minggu 13.00–23.30","CRX8+V4 Manahan, Kota Surakarta, Jawa Tengah",https://lh5.googleusercontent.com/p/AF1QipN9iSL1_G469dhfcO4qzV8QySlnDgTJF3Zl7ZEg=w408-h306-k-no,"Tempat duduk di area terbuka
Pesan antar
Bawa pulang
Makan di tempat","Kopi
Makanan happy hour","Makan siang
Makan malam
Hidangan penutup",Toilet,"Nyaman
Santai","Berkelompok
Ramah keluarga",Menerima reservasi,"Kartu debit
Pembayaran NFC dengan ponsel","Kursi tinggi
Menu anak",Tempat parkir berbayar
"https://www.google.com/maps/place/The+Tower+Space/@-7.5516944,110.7706445,17z/data=!3m1!4b1!4m6!3m5!1s0x2e7a153d84a5afd9:0xc2fc97826437dcc!8m2!3d-7.5516944!4d110.7732194!16s%2Fg%2F11f789rghk?entry=ttu&g_ep=EgoyMDI0MTEyNC4xIKXMDSoJLDEwMjExMjM0SAFQAw%3D%3D",The Tower Space,"4,6",731,"
CQXF+87H, Jl. Duwet V, Karangasem, Kec. Laweyan, Kota Surakarta, Jawa Tengah 57145",082134677776,Rp 25–50 rb,Kedai Kopi,"Senin 10.00–00.00
Selasa 10.00–00.00
Rabu 10.00–00.00
Kamis 10.00–00.00
Jumat 10.00–00.00
Sabtu 10.00–00.00
Minggu 10.00–00.00",Tidak tersedia,https://lh5.googleusercontent.com/p/AF1QipMgtnAk5oseXrWCPuIrj1MImZrAVUPoq5zmDBG9=w408-h306-k-no,"
Tempat duduk di area terbuka

Antar tanpa bertemu

Pesan antar

Bawa pulang

Makan di tempat","Hidangan larut malam
Kopi","Brunch
Makan siang
Makan malam
Hidangan penutup","Musik live
Pertunjukan live
Toilet","Nyaman
Santai",Berkelompok,Menerima reservasi,"Kartu debit
Kartu kredit","Cocok untuk anak-anak
Kursi tinggi
Menu anak",Tempat parkir berbayar
"https://www.google.com/maps/place/Burung+Muda+Coffee/@-7.5703408,110.8219332,17z/data=!3m1!4b1!4m6!3m5!1s0x2e7a1777fac6df2f:0x7ba53fef37efad03!8m2!3d-7.5703408!4d110.8245081!16s%2Fg%2F11q35_kqq4?entry=ttu&g_ep=EgoyMDI0MTEyNC4xIKXMDSoJLDEwMjExMjM0SAFQAw%3D%3D",Burung Muda Coffee,"4,7",11,"
Jl. K.H Ahmad Dahlan No.7, Keprabon, Kec. Banjarsari, Kota Surakarta, Jawa Tengah 57131",089626373170,Rp 25–50 rb,Kedai Kopi,"Senin 18.00–00.00
Selasa 18.00–00.00
Rabu Tutup
Kamis 18.00–00.00
Jumat 18.00–00.00
Sabtu 18.00–00.00
Minggu 18.00–00.00","CRHF+VR Keprabon, Kota Surakarta, Jawa Tengah",https://lh5.googleusercontent.com/p/AF1QipMPzgtoWPg2_C0hBLYyHrgNSZOyP-SrtYuNtkYR=w408-h545-k-no,"Tempat duduk di area terbuka
Pesan antar
Bawa pulang
Makan di tempat","Kopi
Makanan siap saji",Hidangan penutup,"Toilet
Wi-Fi
Wi-Fi Gratis","Nyaman
Santai",Berkelompok,Menerima reservasi,Hanya tunai,Biasa,Tempat parkir berbayar
"https://www.google.com/maps/place/C%26L+Coffee/@-7.5696252,110.7934745,17z/data=!3m1!4b1!4m6!3m5!1s0x2e7a153693045435:0xf3f8b9d6b33f9269!8m2!3d-7.5696252!4d110.7960494!16s%2Fg%2F11qn1q3827?entry=ttu&g_ep=EgoyMDI0MTEyNC4xIKXMDSoJLDEwMjExMjM0SAFQAw%3D%3D",C&L Coffee,"4,8",176,"
Jl. Dr. Rajiman No.525, Laweyan, Kec. Laweyan, Kota Surakarta, Jawa Tengah 57148",02717470999,Rp 25–50 rb,Kedai Kopi,"Senin 10.00–22.00
Selasa 10.00–22.00
Rabu10.00–22.00
Kamis 10.00–22.00
Jumat 10.00–22.00
Sabtu 10.00–22.00
Minggu 10.00–22.00","CQJW+4C Laweyan, Kota Surakarta, Jawa Tengah",https://lh5.googleusercontent.com/p/AF1QipP2afppJ_H_DB-0_rE2V1qly5pGVuF__koiCEki=w426-h240-k-no,"Bawa pulang
Makan di tempat","Alkohol
Hidangan organik
Koktail
Kopi","Sarapan
Makan siang
Makan malam
Hidangan penutup","Toilet khusus pengguna kursi roda
Musik live
Pertunjukan live
Memiliki bar
Toilet
Wi-Fi
Wi-Fi Gratis","Nyaman
Santai","Berkelompok
Ramah keluarga","Perlu janji temu
Menerima reservasi","Kartu debit
Kartu kredit
Kupon makanan","Cocok untuk anak-anak
Kursi tinggi
Menu anak","Banyak tempat parkir
Tempat parkir gratis"
"https://www.google.com/maps/place/LAVANAA+coffee+and+space/@-7.5507879,110.7689214,17z/data=!3m1!4b1!4m6!3m5!1s0x2e7a15d401a69185:0xb341bcce34bec6da!8m2!3d-7.5507879!4d110.7714963!16s%2Fg%2F11rtmdr7sj?entry=ttu&g_ep=EgoyMDI0MTEyNC4xIKXMDSoJLDEwMjExMjM0SAFQAw%3D%3D",LAVANAA coffee and space,"4,3",253,"
Jl. Matoa Raya I, Karangasem, Kec. Laweyan, Kota Surakarta, Jawa Tengah 57145",081224049300,Rp 25–50 rb,Kedai Kopi,"Senin 10.00–00.00
Selasa 10.00–00.00
Rabu 10.00–00.00
Kamis 10.00–00.00
Jumat 10.00–00.00
Sabtu 10.00–00.00
Minggu 10.00–00.00","CQXC+MH Karangasem, Kota Surakarta, Jawa Tengah",https://lh5.googleusercontent.com/p/AF1QipMESHk-1kPSoTpdQ2dCL-2BUJCtFmlY5GgywDt9=w408-h306-k-no,"Ambil di tepi jalan
Pesan antar
Drive-through
Bawa pulang
Makan di tempat",Kopi,"Brunch
Makan siang
Makan malam
Hidangan penutup",Toilet,"Nyaman
Santai",Berkelompok,Menerima reservasi,Kartu kredit,"Cocok untuk anak-anak
Kursi tinggi
Menu anak","Banyak tempat parkir
Tempat parkir berbayar"
"https://www.google.com/maps/place/OXYCO+Coffee+Shop/@-7.599129,110.8106863,17z/data=!3m1!4b1!4m6!3m5!1s0x2e7a17f9d5d29413:0x463d7847dfeef219!8m2!3d-7.599129!4d110.8132612!16s%2Fg%2F11rd882pc9?entry=ttu&g_ep=EgoyMDI0MTEyNC4xIKXMDSoJLDEwMjExMjM0SAFQAw%3D%3D",OXYCO Coffee Shop,"4,7",358,"
Soba Bisnis Square Ruko Narendra JD-23 Solo Baru, Kabupaten Sukoharjo, Jawa Tengah 57552",08112658332,Rp 25–50 rb,Kedai Kopi,"Senin 07.30–22.00
Selasa 07.30–22.00
Rabu 07.30–22.00
Kamis 07.30–22.00
Jumat 07.30–22.00
Sabtu 07.30–22.00
Minggu 10.00–22.00","CR27+88 Madegondo, Kabupaten Sukoharjo, Jawa Tengah",https://lh5.googleusercontent.com/p/AF1QipPO130laVN7sIv7PdGMbpaYEb7gCuOXmSxsHH_R=w408-h272-k-no,"Tempat duduk di area terbuka
Antar tanpa bertemu
Pesan antar
Bawa pulang
Makan di tempat",Kopi,"Sarapan
Brunch
Makan siang
Makan malam
Hidangan penutup","Toilet
Wi-Fi
Wi-Fi Gratis","Nyaman
Santai",Berkelompok,Menerima reservasi,"Kartu debit
Kartu kredit",Kursi tinggi,"Banyak tempat parkir
Tempat parkir berbayar"
"https://www.google.com/maps/place/Tenda+Daun+Solo/@-7.5456602,110.806403,17z/data=!3m1!4b1!4m6!3m5!1s0x2e7a17f3b1bb810d:0x65abc92f2102954f!8m2!3d-7.5456602!4d110.8089779!16s%2Fg%2F11g0ds1jn5?entry=ttu&g_ep=EgoyMDI0MTEyNC4xIKXMDSoJLDEwMjExMjM0SAFQAw%3D%3D",Tenda Daun Solo,"4,3",1187,"
Jl. Kahuripan Timur 3 No.19, Sumber, Kec. Banjarsari, Kota Surakarta, Jawa Tengah 57138",081329085678,Rp 25–50 rb,Restoran,"Senin 09.30–23.00
Selasa 09.30–23.00
Rabu 09.30–23.00
Kamis 09.30–23.00
Jumat 09.30–23.00
Sabtu 09.30–23.00
Minggu 09.30–23.00","FR35+PH Sumber, Kota Surakarta, Jawa Tengah",https://lh5.googleusercontent.com/p/AF1QipMWL_a8YkVkC_GqBGvKuMKOD7UOuJiasZd1LdRZ=w408-h720-k-no,"Tempat duduk di area terbuka
Antar tanpa bertemu
Pesan antar
Bawa pulang
Makan di tempat","
Alkohol
Hidangan larut malam
Kopi
Makanan halal","Brunch
Makan siang
Makan malam
Katering
Hidangan penutup","Olahraga
Memiliki bar
Toilet
Toilet netral gender
Wi-Fi
Wi-Fi Gratis","Nyaman
Santai","Berkelompok
Ramah keluarga","Wajib reservasi
Menerima reservasi","Kartu debit
Kartu kredit
Pembayaran NFC dengan ponsel","Cocok untuk anak-anak
Kursi tinggi
Menu anak","Agak sulit menemukan tempat parkir
Tempat parkir berbayar"
"https://www.google.com/maps/place/Golden+Coffe+%26+Eatery/@-7.5497779,110.8050933,15z/data=!4m7!3m6!1s0x2e7a170074597d15:0x75fb38c9f91e210a!8m2!3d-7.5496126!4d110.8307906!15sChZHb2xkZW4gQ29mZmVlICYgRWF0ZXJ5WhgiFmdvbGRlbiBjb2ZmZWUgJiBlYXRlcnmSAQtjb2ZmZWVfc2hvcOABAA!16s%2Fg%2F11vwn7n4n4?entry=tts&g_ep=EgoyMDI0MTEyNC4xIPu8ASoJLDEwMjExMjM0SAFQAw%3D%3D",Golden Coffe & Eatery,"4,5",15,"
Jl. Mr. Sartono No.39, Nusukan, Kec. Banjarsari, Kota Surakarta, Jawa Tengah 57135",081311519361,Rp 25–50 rb,Kedai Kopi,"Senin 11.00–22.00
Selasa 11.00–22.00
Rabu 11.00–22.00
Kamis 11.00–22.00
Jumat 11.00–22.00
Sabtu 11.00–22.00
Minggu Tutup","FR2J+58 Nusukan, Kota Surakarta, Jawa Tengah",https://lh5.googleusercontent.com/p/AF1QipO7RRGskPvsVexnmoR4UBVyw4xPRkrElXOzeVA7=w408-h544-k-no,"Bawa pulang
Makan di tempat",Kopi,Makan malam,Toilet,"Nyaman
Santai",Berkelompok,Tidak Menerima Reservasi,Hanya tunai,Cocok untuk anak-anak,Tempat parkir berbayar
"https://www.google.com/maps/place/JCO+COFFEE+%26+DONUTS+SOLO+SQUARE/@-7.5606767,110.786041,17z/data=!3m1!4b1!4m6!3m5!1s0x2e7a14373f72987b:0x9b9b96d8cc5d966d!8m2!3d-7.5606767!4d110.7886159!16s%2Fg%2F1hcb36kmn?entry=ttu&g_ep=EgoyMDI0MTEyNC4xIKXMDSoJLDEwMjExMjM0SAFQAw%3D%3D",JCO COFFEE & DONUTS SOLO SQUARE,"4,4",567,"
Jl. Dlingo No.20, Pajang, Kec. Laweyan, Kota Surakarta, Jawa Tengah 57146",02717651583,Rp 25–50 rb,Kedai Kopi,"Senin 09.00–21.00
Selasa 09.00–21.00
Rabu 09.00–21.00
Kamis 09.00–21.00
Jumat 09.00–21.00
Sabtu 09.00–21.00
Minggu 09.00–21.00","CQQQ+PC Pajang, Kota Surakarta, Jawa Tengah",https://lh5.googleusercontent.com/p/AF1QipPLthctMfGNFB1EoePEw9Mx34NKZSXLNPk65L7m=w408-h306-k-no,"Tempat duduk di area terbuka
Antar tanpa bertemu
Pesan antar
Bawa pulang
Makan di tempat",Kopi,Hidangan penutup,Toilet,"Nyaman
Santai",Berkelompok,Tidak Menerima Reservasi,Hanya tunai,"Cocok untuk anak-anak
Menu anak",Tempat parkir berbayar
"https://www.google.com/maps/place/Sidongopi+Solo/@-7.5662201,110.7989811,17z/data=!3m1!4b1!4m6!3m5!1s0x2e7a152c054ad54b:0xa28e3b56153902df!8m2!3d-7.5662201!4d110.801556!16s%2Fg%2F11k_yx_f3g?entry=ttu&g_ep=EgoyMDI0MTEyNC4xIKXMDSoJLDEwMjExMjM0SAFQAw%3D%3D",Sidongopi Solo,"5,0",16,"
Jl. Sidoasih Tim. No.20, Purwosari, Kec. Laweyan, Kota Surakarta, Jawa Tengah 57142",081391010700,Rp 25–50 rb,Kedai Kopi,"Senin 11.00–21.00
Selasa 11.00–21.00
Rabu 11.00–21.00
Kamis 11.00–21.00
Jumat 14.00–21.00
Sabtu 11.00–22.00
Minggu Tutup","CRM2+GJ Purwosari, Kota Surakarta, Jawa Tengah",https://lh5.googleusercontent.com/p/AF1QipOOxlcgb4jPgJaBm7mFLwxfG7EVVQzXIFETJXqy=w408-h905-k-no,"Bawa pulang
Makan di tempat",Kopi,Hidangan penutup,Toilet,"Nyaman
Santai",Berkelompok,Tidak Menerima Reservasi,Hanya tunai,Cocok untuk anak-anak,Tempat parkir berbayar
"https://www.google.com/maps/place/Kopi+Cendana/@-7.5588043,110.8027695,17z/data=!3m1!4b1!4m6!3m5!1s0x2e7a1572baacf071:0xb9e4d68322f1870a!8m2!3d-7.5588043!4d110.8053444!16s%2Fg%2F11j3tjrt_k?entry=ttu&g_ep=EgoyMDI0MTEyNC4xIKXMDSoJLDEwMjExMjM0SAFQAw%3D%3D",Kopi Cendana,"4,6",666,"
Jl. Semeru Jl. Gremet No.1, RT.001/RW.07, Manahan, Kec. Banjarsari, Kota Surakarta, Jawa Tengah 57139",082268881975,Rp 25–50 rb,Kedai Kopi,"Senin 08.00–23.00
Selasa 08.00–23.00
Rabu 08.00–23.00
Kamis 08.00–23.00
Jumat 08.00–23.45
Sabtu 08.00–23.45
Minggu 08.00–23.45","CRR4+F4 Manahan, Kota Surakarta, Jawa Tengah",https://lh5.googleusercontent.com/p/AF1QipMGVS1GFretQEq1JJwudBfnE3JnFgZVBOtYeUc9=w408-h544-k-no,"Tempat duduk di area terbuka
Antar tanpa bertemu
Pesan antar
Bawa pulang
Makan di tempat",Kopi,"Makan siang
Hidangan penutup",Toilet,"Nyaman
Santai",Berkelompok,Menerima reservasi,"Kartu debit
Kartu kredit",Biasa,Tempat parkir berbayar
"https://www.google.com/maps/place/The+Hidden+Swargi+Coffee+Roastery/@-7.5631507,110.8186327,17z/data=!3m1!4b1!4m6!3m5!1s0x2e7a17e91dba2d59:0xa61835184b71bf32!8m2!3d-7.5631507!4d110.8212076!16s%2Fg%2F11rdcjxz11?entry=ttu&g_ep=EgoyMDI0MTEyNC4xIKXMDSoJLDEwMjExMjM0SAFQAw%3D%3D",The Hidden Swargi Coffee Roastery,"4,6",1181,"
Jl. Jageran No.1 RT03, RW.04, Ketelan, Kec. Banjarsari, Kota Surakarta, Jawa Tengah 57132",Tidak tersedia,Rp 25–50 rb,Kedai Kopi,"Senin 09.00–00.00
Selasa 09.00–00.00
Rabu 09.00–00.00
Kamis 09.00–00.00
Jumat 09.00–00.00
Sabtu 09.00–00.00
Minggu 09.00–00.00","CRPC+PF Ketelan, Kota Surakarta, Jawa Tengah",https://lh5.googleusercontent.com/p/AF1QipOgj2OCLJBQXd2H5TCDUoFn65cd0X-fwAYz64yi=w408-h725-k-no,"Tempat duduk di area terbuka
Layanan di tempat
Bawa pulang
Makan di tempat","Alkohol
Koktail
Kopi","Sarapan
Brunch
Makan siang
Makan malam
Hidangan penutup","Pertunjukan live
Memiliki bar
Toilet
Toilet netral gender
Wi-Fi
Wi-Fi Gratis","Nyaman
Santai","Berkelompok
Ramah keluarga",Menerima reservasi,"Kartu debit
Kartu kredit
Pembayaran NFC dengan ponsel
Kartu kredit",Cocok untuk anak-anak,"Agak sulit menemukan tempat parkir
Tempat parkir berbayar"
"https://www.google.com/maps/place/Slari+Coffee/@-7.5709841,110.8213569,17z/data=!3m1!4b1!4m6!3m5!1s0x2e7a17c010fde119:0x73687fdab0af72de!8m2!3d-7.5709841!4d110.8239318!16s%2Fg%2F11y2hk20x0?entry=ttu&g_ep=EgoyMDI0MTEyNC4xIKXMDSoJLDEwMjExMjM0SAFQAw%3D%3D",Slari Coffee,"4,7",276,"Jl. Slamet Riyadi No.111, Kemlayan, Kec. Serengan, Kota Surakarta, Jawa Tengah 57151",082325424708,Rp 25–50 rb,Kedai Kopi,"Senin 08.00–00.00
Selasa 08.00–00.00
Rabu 08.00–00.00
Kamis 08.00–00.00
Jumat 08.00–00.00
Sabtu 08.00–00.00
Minggu 08.00–00.00","CRHF+JH Kemlayan, Kota Surakarta, Jawa Tengah",https://lh5.googleusercontent.com/p/AF1QipM6V2oH-P4wPwdITjBoXGrbkKX9kNPOm3t3w3zH=w408-h510-k-no,"Tempat duduk di area terbuka
Bawa pulang
Makan di tempat",Kopi,Hidangan penutup,"Toilet
Wi-Fi
Wi-Fi Gratis","Nyaman
Santai",Berkelompok,Menerima reservasi,"Kartu debit
Kartu kredit",Cocok untuk anak-anak,"Agak sulit menemukan tempat parkir
Tempat parkir berbayar"
"https://www.google.com/maps/place/Kooken+Cafe+%26+Resto/@-7.5726269,110.8229754,17z/data=!3m1!4b1!4m6!3m5!1s0x2e7a1712c4b3dbab:0x6c99027cbb5d4132!8m2!3d-7.5726322!4d110.8255503!16s%2Fg%2F11m38yzmpv?entry=ttu&g_ep=EgoyMDI0MTIwMS4xIKXMDSoJLDEwMjExMjM0SAFQAw%3D%3D",Kooken Cafe & Resto,"4,7",367,"Jl. Wijaya Kusuma No.30, Kauman, Kec. Ps. Kliwon, Kota Surakarta, Jawa Tengah 57112",082322378714,Rp 25–50 rb,Kafe,"Senin 08.00–17.00
Selasa 08.00–17.00
Rabu 08.00–17.00
Kamis 08.00–17.00
Jumat 08.00–17.00
Sabtu 08.00–17.00
Minggu 08.00–17.00","CRGG+W6 Kauman, Kota Surakarta, Jawa Tengah",https://lh5.googleusercontent.com/p/AF1QipMw7UTlLAc1za4VglcVJlzrt9rX7PnW0qoqm0d7=w408-h612-k-no,"Tempat duduk di area terbuka
Antar tanpa bertemu
Pesan antar
Layanan di tempat
Bawa pulang
Makan di tempat",Kopi,"Sarapan
Makan siang
Makan malam
Hidangan penutup",Toilet,"Nyaman
Santai",Berkelompok,Menerima reservasi,Kartu kredit,"Cocok untuk anak-anak
Kursi tinggi
Menu anak","Agak sulit menemukan tempat parkir
Tempat parkir berbayar"
"https://www.google.com/maps/place/Excelso+Solo+Paragon/@-7.5620349,110.8102501,15z/data=!3m1!5s0x2e7a168237b8d587:0x5b1977e23e558a0c!4m15!1m8!3m7!1s0x2e7a168595555555:0xca316c9b0a0a3262!2sExcelso+Solo+Paragon!8m2!3d-7.5623392!4d110.8102093!10e5!16s%2Fg%2F1ptywqdr1!3m5!1s0x2e7a168595555555:0xca316c9b0a0a3262!8m2!3d-7.5623392!4d110.8102093!16s%2Fg%2F1ptywqdr1?entry=ttu&g_ep=EgoyMDI0MTIwMS4xIKXMDSoJLDEwMjExMjM0SAFQAw%3D%3D",Excelso Solo Paragon,"4,4",243,"Mall Solo Paragon Ground Floor # GFC - 12B & 15B, Jl. Yosodipuro No. 133, Mangkubumen, Kec. Banjarsari, Kota Surakarta, Jawa Tengah 57132",02717882323,Rp 50–75 rb,Kafe,"Senin 10.00–22.00
Selasa 10.00–22.00
Rabu 10.00–22.00
Kamis 10.00–22.00
Jumat 10.00–22.00
Sabtu 10.00–22.00
Minggu 10.00–22.00","CRQ6+33 Mangkubumen, Kota Surakarta, Jawa Tengah",https://lh5.googleusercontent.com/p/AF1QipOxFqN-KsFtb10c0C_t-tSMAkmiQpOsP93qLyk=w408-h725-k-no,"Tempat duduk di area terbuka
Pesan antar
Bawa pulang
Makan di tempat",Kopi,"Brunch
Makan siang
Makan malam
Hidangan penutup",Toilet,"Nyaman
Santai",Berkelompok,Menerima reservasi,"Kartu debit
Kartu kredit",Cocok untuk anak-anak,Tempat parkir berbayar
"https://www.google.com/maps/place/Setulus+Koffee/@-7.560453,110.8470518,17z/data=!3m1!4b1!4m6!3m5!1s0x2e7a17c3ae9112f1:0x4ad29f01fcd68e77!8m2!3d-7.5604583!4d110.8496267!16s%2Fg%2F11j0c_8_j6?entry=ttu&g_ep=EgoyMDI0MTIwMS4xIKXMDSoJLDEwMjExMjM0SAFQAw%3D%3D",Setulus Koffee,"4,8",307,"Jl. Guruh No.4, Jebres, Kec. Jebres, Kota Surakarta, Jawa Tengah 57126",Tidak tersedia,Rp 25–50 rb,Kafe,"Senin 08.00–00.00
Selasa 08.00–00.00
Rabu 08.00–00.00
Kamis 08.00–00.00
Jumat 08.00–00.00
Sabtu 08.00–00.00
Minggu 16.00–00.00","CRQX+RV Jebres, Kota Surakarta, Jawa Tengah",https://lh5.googleusercontent.com/p/AF1QipPHWnMrqYXHi7-iwbUKQ3BCsYHe9Sn3TZYsrn4I=w427-h240-k-no,"Tempat duduk di area terbuka
Bawa pulang
Makan di tempat",Kopi,"Makan malam
Hidangan penutup",Toilet,"Nyaman
Santai",Berkelompok,Menerima reservasi,Hanya tunai,"Cocok untuk anak-anak
Kursi tinggi
Menu anak",Tempat parkir berbayar
"https://www.google.com/maps/place/Sadari+Kopi/@-7.5660984,110.8034415,17z/data=!3m1!4b1!4m6!3m5!1s0x2e7a142a5e446617:0xbeb5579b3b9d5b5d!8m2!3d-7.5661037!4d110.8060164!16s%2Fg%2F11f30mmyhs?entry=ttu&g_ep=EgoyMDI0MTIwMS4xIKXMDSoJLDEwMjExMjM0SAFQAw%3D%3D",Sadari Kopi,"4,5",718,"Jl. Dr. Wahidin No.3 A, Penumping, Kec. Laweyan, Kota Surakarta, Jawa Tengah 57148",Tidak tersedia,Rp 25–50 rb,Kafe,"Senin 09.00–23.00
Selasa 09.00–23.00
Rabu 09.00–23.00
Kamis 09.00–23.00
Jumat 09.00–23.00
Sabtu 09.00–23.00
Minggu 09.00–23.00","CRM4+HC Penumping, Kota Surakarta, Jawa Tengah",https://lh5.googleusercontent.com/p/AF1QipNWzcqDgkyNfOVclVkAcpF44GAyhOMBR9A1PjJ5=w408-h543-k-no,"Tempat duduk di area terbuka
Bawa pulang
Makan di tempat",Kopi,Hidangan penutup,"
Toilet","Nyaman
Santai",Berkelompok,Menerima reservasi,"Kartu debit
Kartu kredit","Cocok untuk anak-anak
Kursi tinggi
Menu anak",Tempat parkir berbayar
"https://www.google.com/maps/place/KOPI+PASEBAN+-+NUGAS+SPACE/@-7.5583793,110.8495791,17z/data=!3m1!4b1!4m6!3m5!1s0x2e7a172d1e62905b:0x67040d24fe535b5d!8m2!3d-7.5583846!4d110.852154!16s%2Fg%2F11rxv31bsm?entry=ttu&g_ep=EgoyMDI0MTIwMS4xIKXMDSoJLDEwMjExMjM0SAFQAw%3D%3D",KOPI PASEBAN - NUGAS SPACE,"4,8",213,"Jl. Petir, Jebres, Kec. Jebres, Kota Surakarta, Jawa Tengah 57126",081329014647,Rp 1–25.000,Kedai Kopi,"Senin 09.00–22.00
Selasa 09.00–22.00
Rabu 09.00–22.00
Kamis 09.00–22.00
Jumat 09.00–22.00
Sabtu 09.00–22.00
Minggu Tutup","CVR2+JV Jebres, Kota Surakarta, Jawa Tengah",https://lh5.googleusercontent.com/p/AF1QipNU4cQYrEYyptne3HTLe6Wo0mDji0QibMaKQ2kV=w408-h408-k-no,"Tempat duduk di area terbuka
Pesan antar
Bawa pulang
Makan di tempat","Kopi
Minuman happy hour","Makan siang
Makan malam","Toilet
Toilet netral gender
Wi-Fi
Wi-Fi Gratis","Nyaman
Santai","Berkelompok
Ramah keluarga",Menerima reservasi,"Kartu debit
Kartu kredit
Pembayaran NFC dengan ponsel",Biasa,Tempat parkir berbayar
"https://www.google.com/maps/place/Paw+Paw+Cafe/@-7.5548823,110.8227856,14z/data=!4m7!3m6!1s0x2e7a179494f316f9:0x21b9372d648bf6b5!8m2!3d-7.5548823!4d110.8608944!15sCgpDYWZmZSBTb2xvWgwiCmNhZmZlIHNvbG-SAQRjYWZl4AEA!16s%2Fg%2F11jvmmql0m?entry=tts&g_ep=EgoyMDI0MTIwMS4xIPu8ASoJLDEwMjExMjM0SAFQAw%3D%3D",Paw Paw Cafe,"4,5",589,"Jl. Antariksa No.7, Jebres, Kec. Jebres, Kota Surakarta, Jawa Tengah 57133",083830498236,Rp 25–50 rb,Kafe,"Senin 12.30–22.00
Selasa 12.30–22.00
Rabu 12.30–22.00
Kamis 12.30–22.00
Jumat 12.30–22.00
Sabtu 12.30–22.00
Minggu 12.30–22.00","CVW6+29 Jebres, Kota Surakarta, Jawa Tengah",https://lh5.googleusercontent.com/p/AF1QipPQiGH1ADLfy314ghrZKuOpB4S5qmZthJfH-CGj=w408-h725-k-no,"Bawa pulang
Makan di tempat",Hidangan larut malam,"Makan siang
Hidangan penutup","Toilet
Wi-Fi
Wi-Fi Gratis","Nyaman
Santai","Berkelompok
Ramah keluarga",Menerima reservasi,"Kartu debit
Kartu kredit",Cocok untuk anak-anak,"Agak sulit menemukan tempat parkir
Tempat parkir berbayar"